{"store": {"restaurantStatus": "OPEN", "facilities": ["ACCESSIBILITY", "BREAKFAST", "CYT", "DRIVETHRU", "MCCAFE", "MOBILEOFFERS", "MOBILEORDERS", "OUTDOORPLAYGROUND", "OUTDOORSEATING", "PARTYROOM", "PlayPlacePresence", "SELFORDERKIOSK", "TWENTYFOURHOURS", "WIFI"], "address": {"addressLine1": "Cnr Canning Highway & Foss Street", "cityTown": "Bicton", "country": "Australia", "postalZip": "6157"}, "mcDeliveries": {"mcDelivery": []}, "location": {"latitude": -32.03558803, "longitude": 115.78568727}, "name": "BICTON WA", "nationalStoreNumber": 950629, "phoneNumber": "08 9319 2166", "status": 1, "timeZone": "(GMT+08:00) Perth", "weekOpeningHours": [{"services": [{"endTime": "23:59:59", "isOpen": true, "serviceName": "DRIVETHRU", "startTime": "00:00:00"}, {"endTime": "23:59:59", "isOpen": true, "serviceName": "LOBBY", "startTime": "00:00:00"}], "dayOfWeekId": 3}, {"services": [{"endTime": "23:59:59", "isOpen": true, "serviceName": "DRIVETHRU", "startTime": "00:00:00"}, {"endTime": "23:59:59", "isOpen": true, "serviceName": "LOBBY", "startTime": "00:00:00"}], "dayOfWeekId": 1}, {"services": [{"endTime": "23:59:59", "isOpen": true, "serviceName": "DRIVETHRU", "startTime": "00:00:00"}, {"endTime": "23:59:59", "isOpen": true, "serviceName": "LOBBY", "startTime": "00:00:00"}], "dayOfWeekId": 4}, {"services": [{"endTime": "23:59:59", "isOpen": true, "serviceName": "DRIVETHRU", "startTime": "00:00:00"}, {"endTime": "23:59:59", "isOpen": true, "serviceName": "LOBBY", "startTime": "00:00:00"}], "dayOfWeekId": 0}, {"services": [{"endTime": "23:59:59", "isOpen": true, "serviceName": "DRIVETHRU", "startTime": "00:00:00"}, {"endTime": "23:59:59", "isOpen": true, "serviceName": "LOBBY", "startTime": "00:00:00"}], "dayOfWeekId": 5}, {"services": [{"endTime": "23:59:59", "isOpen": true, "serviceName": "DRIVETHRU", "startTime": "00:00:00"}, {"endTime": "23:59:59", "isOpen": true, "serviceName": "LOBBY", "startTime": "00:00:00"}], "dayOfWeekId": 2}, {"services": [{"endTime": "23:59:59", "isOpen": true, "serviceName": "DRIVETHRU", "startTime": "00:00:00"}, {"endTime": "23:59:59", "isOpen": true, "serviceName": "LOBBY", "startTime": "00:00:00"}], "dayOfWeekId": 6}]}, "items": [{"productCode": 1, "categories": ["McMuffins"], "name": "Bacon & Egg McMuffin", "shortName": "Item Only", "price": 5.0}, {"productCode": 11, "categories": ["McMuffins"], "name": "Sausage & Egg McMuffin", "shortName": "Item Only", "price": 5.35}, {"productCode": 21, "categories": ["McMuffins"], "name": "Sausage McMuffin", "shortName": "Item Only", "price": 4.55}, {"productCode": 31, "categories": ["McMuffins"], "name": "English McMuffin", "shortName": "Item Only", "price": 3.0}, {"productCode": 196, "categories": ["McMuffins"], "name": "Double Bacon & Egg McMuffin", "shortName": "Item Only", "price": 6.0}, {"productCode": 200, "categories": ["McMuffins"], "name": "Double Sausage & Egg McMuffin", "shortName": "Item Only", "price": 6.25}, {"productCode": 203, "categories": ["McMuffins"], "name": "Double Sausage McMuffin", "shortName": "Item Only", "price": 5.45}, {"productCode": 281, "categories": ["McMuffins"], "name": "Mighty McMuffin", "shortName": "Item Only", "price": 5.9}, {"productCode": 769, "categories": ["Snacks & Fries"], "name": "Cheesy Toastie", "shortName": "Item Only", "price": 4.0}, {"productCode": 770, "categories": ["Snacks & Fries"], "name": "Cheese & Tomato Toastie", "shortName": "Item Only", "price": 4.0}, {"productCode": 771, "categories": ["Snacks & Fries"], "name": "Ham & Cheese Toastie", "shortName": "Item Only", "price": 4.5}, {"productCode": 772, "categories": ["Snacks & Fries"], "name": "Ham, Cheese & Tomato Toastie", "shortName": "Item Only", "price": 5.0}, {"productCode": 2144, "categories": ["Snacks & Fries"], "name": "Hash Brown", "shortName": "Item Only", "price": 2.4}, {"productCode": 2256, "categories": ["Beef"], "name": "Classic Angus", "shortName": "Item Only", "price": 8.3}, {"productCode": 2313, "categories": ["Beef"], "name": "BBQ Bacon Angus", "shortName": "Item Only", "price": 9.85}, {"productCode": 2501, "categories": ["Snacks & Fries", "Beef"], "name": "Hamburger", "shortName": "Item Only", "price": 3.0}, {"productCode": 2511, "categories": ["Snacks & Fries", "Beef"], "name": "Cheeseburger", "shortName": "Item Only", "price": 4.15}, {"productCode": 2521, "categories": ["Beef"], "name": "Double Cheeseburger", "shortName": "Item Only", "price": 5.6}, {"productCode": 2531, "categories": ["Beef"], "name": "Big Mac", "shortName": "Item Only", "price": 6.4}, {"productCode": 2541, "categories": ["Beef"], "name": "Quarter Pounder", "shortName": "Item Only", "price": 7.0}, {"productCode": 2551, "categories": ["Beef"], "name": "Double Quarter Pounder", "shortName": "Item Only", "price": 8.4}, {"productCode": 2571, "categories": ["Chicken & Fish"], "name": "McChicken", "shortName": "Item Only", "price": 7.0}, {"productCode": 2581, "categories": ["Chicken & Fish"], "name": "Filet-O-Fish", "shortName": "Item Only", "price": 5.7}, {"productCode": 2588, "categories": ["McMuffins"], "name": "Big Brekkie Burger", "shortName": "Item Only", "price": 7.35}, {"productCode": 2606, "categories": ["Snacks & Fries", "Chicken & Fish"], "name": "Chicken 'n' Cheese", "shortName": "Item Only", "price": 4.0}, {"productCode": 3001, "categories": ["Snacks & Fries"], "name": "Small Fries", "shortName": "Small", "price": 2.0}, {"productCode": 3002, "categories": ["Snacks & Fries"], "name": "Medium Fries", "shortName": "Medium", "price": 3.35}, {"productCode": 3003, "categories": ["Snacks & Fries"], "name": "Large Fries", "shortName": "Large", "price": 3.75}, {"productCode": 3601, "categories": ["Beef"], "name": "Triple Cheeseburger", "shortName": "Item Only", "price": 7.1}, {"productCode": 4116, "categories": ["Beef"], "name": "Wagyu Beef ", "shortName": "Item Only", "price": 9.55}, {"productCode": 4265, "categories": ["Chicken & Fish"], "name": "Double Filet-O-Fish", "shortName": "Item Only", "price": 7.3}, {"productCode": 4270, "categories": ["Chicken & Fish"], "name": "Double McChicken", "shortName": "Item Only", "price": 9.0}, {"productCode": 4725, "categories": ["Beef"], "name": "Double Big Mac", "shortName": "Item Only", "price": 8.45}, {"productCode": 4975, "categories": ["Wraps & Salads", "Chicken & Fish"], "name": "Caesar Crispy Chicken McWrap", "shortName": "Item Only", "price": 8.75}, {"productCode": 4981, "categories": ["Wraps & Salads", "Chicken & Fish"], "name": "Caesar Grilled Chicken McWrap", "shortName": "Item Only", "price": 8.75}, {"productCode": 5026, "categories": ["Chicken McNuggets", "Chicken & Fish"], "name": "Chicken McNuggets - 24pc", "shortName": "Item Only", "price": 11.95}, {"productCode": 5283, "categories": ["Wraps & Salads", "Chicken & Fish"], "name": "Aioli Crispy Chicken McWrap", "shortName": "Item Only", "price": 8.75}, {"productCode": 5321, "categories": ["Wraps & Salads", "Chicken & Fish"], "name": "Aioli Grilled Chicken McWrap", "shortName": "Item Only", "price": 8.75}, {"productCode": 5335, "categories": ["Snacks & Fries", "Chicken McNuggets", "Chicken & Fish"], "name": "10pc Chicken McBites", "shortName": "Item Only", "price": 3.0}, {"productCode": 5469, "categories": ["Snacks & Fries", "Chicken McNuggets", "Chicken & Fish"], "name": "Chicken McNuggets - 3pc", "shortName": "Item Only", "price": 4.6}, {"productCode": 5501, "categories": ["Desserts"], "name": "Hot Fudge Sundae", "shortName": "Small", "price": 4.1}, {"productCode": 5511, "categories": ["Desserts"], "name": "Caramel Sundae", "shortName": "Small", "price": 4.1}, {"productCode": 5521, "categories": ["Desserts"], "name": "Strawberry Sundae", "shortName": "Small", "price": 4.1}, {"productCode": 5531, "categories": ["Desserts"], "name": "Plain Sundae", "shortName": "Small", "price": 4.1}, {"productCode": 5662, "categories": ["Desserts"], "name": "Soft Serve Cone", "shortName": "Soft Serve Cone", "price": 0.85}, {"productCode": 5666, "categories": ["Desserts"], "name": "Soft Serve Cone with Cadbury\u00ae Flake\u00ae", "shortName": "Item Only", "price": 1.35}, {"productCode": 5738, "categories": ["Desserts"], "name": "OREO\u00ae McFlurry", "shortName": "Item Only", "price": 4.0}, {"productCode": 5739, "categories": ["Desserts"], "name": "M&M'S\u00ae MINIS McFlurry", "shortName": "Item Only", "price": 4.0}, {"productCode": 5771, "categories": ["Desserts"], "name": "McFlurry with OREO\u00ae Cookie", "shortName": "Item Only", "price": 5.0}, {"productCode": 5811, "categories": ["Desserts"], "name": "Hot Apple Pie", "shortName": "Item Only", "price": 1.5}, {"productCode": 5821, "categories": ["Snacks & Fries", "Desserts"], "name": "McDonaldland Cookies", "shortName": "Item Only", "price": 1.35}, {"productCode": 6582, "categories": ["Desserts"], "name": "Warm Double Chocolate Cake", "shortName": "Item Only", "price": 4.25}, {"productCode": 6750, "categories": ["Snacks & Fries", "Wraps & Salads", "Chicken & Fish"], "name": "Crispy Chicken Snack Wrap", "shortName": "Item Only", "price": 4.2}, {"productCode": 6760, "categories": ["Snacks & Fries", "Wraps & Salads", "Chicken & Fish"], "name": "Grilled Chicken Snack Wrap", "shortName": "Item Only", "price": 4.2}, {"productCode": 7552, "categories": ["Desserts"], "name": "Chocolate Flavoured Iced Donut", "shortName": "Item Only", "price": 3.1}, {"productCode": 7853, "categories": ["Desserts"], "name": "Raisin Toast", "shortName": "Item Only", "price": 2.0}, {"productCode": 8574, "categories": ["Desserts"], "name": "Soft Serve Cone & Cadbury\u00ae Flake\u00ae", "shortName": "Item Only", "price": 1.0}, {"productCode": 16000, "categories": ["Chicken & Fish"], "name": "Crispy Chicken Deluxe Burger", "shortName": "Item Only", "price": 7.95}, {"productCode": 16004, "categories": ["Chicken & Fish"], "name": "Grilled Chicken Deluxe Burger", "shortName": "Item Only", "price": 7.95}, {"productCode": 20207, "categories": ["Chicken & Fish"], "name": "McSpicy Burger", "shortName": "Item Only", "price": 9.15}, {"productCode": 20267, "categories": ["Wraps & Salads", "Chicken & Fish"], "name": "Classic Crispy Chicken Salad", "shortName": "Item Only", "price": 10.75}, {"productCode": 20268, "categories": ["Wraps & Salads", "Chicken & Fish"], "name": "Caesar Crispy Chicken Salad", "shortName": "Item Only", "price": 10.75}, {"productCode": 20272, "categories": ["Wraps & Salads", "Chicken & Fish"], "name": "Classic Grilled Chicken Salad", "shortName": "Item Only", "price": 10.75}, {"productCode": 20288, "categories": ["Wraps & Salads", "Chicken & Fish"], "name": "Caesar Grilled Chicken Salad", "shortName": "Item Only", "price": 10.75}, {"productCode": 20356, "categories": ["Chicken & Fish"], "name": "Double McSpicy ", "shortName": "Item Only", "price": 11.3}, {"productCode": 20417, "categories": ["Chicken & Fish"], "name": "Cheese and Bacon McSpicy ", "shortName": "Item Only", "price": 10.35}, {"productCode": 20444, "categories": ["Snacks & Fries", "Wraps & Salads"], "name": "Carrot Sticks", "shortName": "Item Only", "price": 2.65}, {"productCode": 30040, "categories": ["Desserts"], "name": "Cadbury\u00ae Caramilk\u00ae McFlurry", "shortName": "Item Only", "price": 5.0}]}