{"store": {"restaurantStatus": "OPEN", "facilities": ["ACCESSIBILITY", "BREAKFAST", "BUSTRUCKPARKING", "CYT", "DRIVETHRU", "MCCAFE", "MOBILEOFFERS", "MOBILEORDERS", "OUTDOORPLAYGROUND", "OUTDOORSEATING", "PARTYROOM", "PlayPlacePresence", "SELFORDERKIOSK", "TWENTYFOURHOURS", "WIFI"], "address": {"addressLine1": "Joondalup Drive (Lakeside Joondalup)", "cityTown": "Joondalup", "country": "Australia", "postalZip": "6027"}, "mcDeliveries": {"mcDelivery": []}, "location": {"latitude": -31.742743, "longitude": 115.764033}, "name": "Joondalup", "nationalStoreNumber": 950618, "phoneNumber": "08 9300 1945", "status": 1, "timeZone": "(GMT+08:00) Perth", "weekOpeningHours": [{"services": [{"endTime": "23:59:59", "isOpen": true, "serviceName": "DRIVETHRU", "startTime": "00:00:00"}, {"endTime": "23:00:00", "isOpen": true, "serviceName": "LOBBY", "startTime": "05:00:00"}], "dayOfWeekId": 3}, {"services": [{"endTime": "23:59:59", "isOpen": true, "serviceName": "DRIVETHRU", "startTime": "00:00:00"}, {"endTime": "23:00:00", "isOpen": true, "serviceName": "LOBBY", "startTime": "05:00:00"}], "dayOfWeekId": 1}, {"services": [{"endTime": "23:59:59", "isOpen": true, "serviceName": "DRIVETHRU", "startTime": "00:00:00"}, {"endTime": "23:00:00", "isOpen": true, "serviceName": "LOBBY", "startTime": "05:00:00"}], "dayOfWeekId": 4}, {"services": [{"endTime": "23:59:59", "isOpen": true, "serviceName": "DRIVETHRU", "startTime": "00:00:00"}, {"endTime": "23:00:00", "isOpen": true, "serviceName": "LOBBY", "startTime": "05:00:00"}], "dayOfWeekId": 0}, {"services": [{"endTime": "23:59:59", "isOpen": true, "serviceName": "DRIVETHRU", "startTime": "00:00:00"}, {"endTime": "23:00:00", "isOpen": true, "serviceName": "LOBBY", "startTime": "05:00:00"}], "dayOfWeekId": 5}, {"services": [{"endTime": "23:59:59", "isOpen": true, "serviceName": "DRIVETHRU", "startTime": "00:00:00"}, {"endTime": "23:00:00", "isOpen": true, "serviceName": "LOBBY", "startTime": "05:00:00"}], "dayOfWeekId": 2}, {"services": [{"endTime": "23:59:59", "isOpen": true, "serviceName": "DRIVETHRU", "startTime": "00:00:00"}, {"endTime": "23:00:00", "isOpen": true, "serviceName": "LOBBY", "startTime": "05:00:00"}], "dayOfWeekId": 6}]}, "items": [{"productCode": 1, "categories": ["McMuffins"], "name": "Bacon & Egg McMuffin", "price": 4.95}, {"productCode": 11, "categories": ["McMuffins"], "name": "Sausage & Egg McMuffin", "price": 5.35}, {"productCode": 21, "categories": ["McMuffins"], "name": "Sausage McMuffin", "price": 4.55}, {"productCode": 31, "categories": ["McMuffins"], "name": "English McMuffin", "price": 2.7}, {"productCode": 196, "categories": ["McMuffins"], "name": "Double Bacon & Egg McMuffin", "price": 5.95}, {"productCode": 200, "categories": ["McMuffins"], "name": "Double Sausage & Egg McMuffin", "price": 6.25}, {"productCode": 203, "categories": ["McMuffins"], "name": "Double Sausage McMuffin", "price": 5.45}, {"productCode": 281, "categories": ["McMuffins"], "name": "Mighty McMuffin", "price": 5.8}, {"productCode": 769, "categories": ["Snacks & Fries"], "name": "Cheesy Toastie", "price": 4.0}, {"productCode": 770, "categories": ["Snacks & Fries"], "name": "Cheese & Tomato Toastie", "price": 4.0}, {"productCode": 771, "categories": ["Snacks & Fries"], "name": "Ham & Cheese Toastie", "price": 4.5}, {"productCode": 772, "categories": ["Snacks & Fries"], "name": "Ham, Cheese & Tomato Toastie", "price": 5.0}, {"productCode": 2144, "categories": ["Snacks & Fries"], "name": "Hash Brown", "price": 2.3}, {"productCode": 2256, "categories": ["Beef"], "name": "Classic Angus", "price": 8.85}, {"productCode": 2313, "categories": ["Beef"], "name": "BBQ Bacon Angus", "price": 9.55}, {"productCode": 2501, "categories": ["Snacks & Fries", "Beef"], "name": "Hamburger", "price": 3.3}, {"productCode": 2511, "categories": ["Snacks & Fries", "Beef"], "name": "Cheeseburger", "price": 3.8}, {"productCode": 2521, "categories": ["Beef"], "name": "Double Cheeseburger", "price": 5.55}, {"productCode": 2531, "categories": ["Beef"], "name": "Big Mac", "price": 6.6}, {"productCode": 2541, "categories": ["Beef"], "name": "Quarter Pounder", "price": 6.85}, {"productCode": 2551, "categories": ["Beef"], "name": "Double Quarter Pounder", "price": 8.65}, {"productCode": 2571, "categories": ["Chicken & Fish"], "name": "McChicken", "price": 6.5}, {"productCode": 2581, "categories": ["Chicken & Fish"], "name": "Filet-O-Fish", "price": 5.55}, {"productCode": 2588, "categories": ["McMuffins"], "name": "Big Brekkie Burger", "price": 7.2}, {"productCode": 2606, "categories": ["Snacks & Fries", "Chicken & Fish"], "name": "Chicken 'n' Cheese", "price": 4.0}, {"productCode": 3001, "categories": ["Snacks & Fries"], "name": "Small Fries", "price": 2.0}, {"productCode": 3002, "categories": ["Snacks & Fries"], "name": "Medium Fries", "price": 3.2}, {"productCode": 3003, "categories": ["Snacks & Fries"], "name": "Large Fries", "price": 3.65}, {"productCode": 3601, "categories": ["Beef"], "name": "Triple Cheeseburger", "price": 7.25}, {"productCode": 4116, "categories": ["Beef"], "name": "Wagyu Beef ", "price": 10.1}, {"productCode": 4265, "categories": ["Chicken & Fish"], "name": "Double Filet-O-Fish", "price": 7.15}, {"productCode": 4270, "categories": ["Chicken & Fish"], "name": "Double McChicken", "price": 8.5}, {"productCode": 4725, "categories": ["Beef"], "name": "Double Big Mac", "price": 8.75}, {"productCode": 4975, "categories": ["Chicken & Fish", "Wraps & Salads"], "name": "Caesar Crispy Chicken McWrap", "price": 8.45}, {"productCode": 4981, "categories": ["Chicken & Fish", "Wraps & Salads"], "name": "Caesar Grilled Chicken McWrap", "price": 8.45}, {"productCode": 5026, "categories": ["Chicken & Fish", "Chicken McNuggets"], "name": "Chicken McNuggets - 24pc", "price": 11.95}, {"productCode": 5283, "categories": ["Chicken & Fish", "Wraps & Salads"], "name": "Aioli Crispy Chicken McWrap", "price": 8.45}, {"productCode": 5321, "categories": ["Chicken & Fish", "Wraps & Salads"], "name": "Aioli Grilled Chicken McWrap", "price": 8.45}, {"productCode": 5335, "categories": ["Snacks & Fries", "Chicken & Fish", "Chicken McNuggets"], "name": "10pc Chicken McBites", "price": 3.0}, {"productCode": 5469, "categories": ["Snacks & Fries", "Chicken & Fish", "Chicken McNuggets"], "name": "Chicken McNuggets - 3pc", "price": 4.35}, {"productCode": 5666, "categories": ["Desserts"], "name": "Soft Serve Cone with Cadbury\u00ae Flake\u00ae", "price": 1.2}, {"productCode": 5738, "categories": ["Desserts"], "name": "OREO\u00ae McFlurry", "price": 4.0}, {"productCode": 5739, "categories": ["Desserts"], "name": "M&M'S\u00ae MINIS McFlurry", "price": 4.0}, {"productCode": 5771, "categories": ["Desserts"], "name": "McFlurry with OREO\u00ae Cookie", "price": 4.95}, {"productCode": 5811, "categories": ["Desserts"], "name": "Hot Apple Pie", "price": 1.5}, {"productCode": 5821, "categories": ["Desserts", "Snacks & Fries"], "name": "McDonaldland Cookies", "price": 1.35}, {"productCode": 6582, "categories": ["Desserts"], "name": "Warm Double Chocolate Cake", "price": 4.25}, {"productCode": 6750, "categories": ["Snacks & Fries", "Chicken & Fish", "Wraps & Salads"], "name": "Crispy Chicken Snack Wrap", "price": 4.0}, {"productCode": 6760, "categories": ["Snacks & Fries", "Chicken & Fish", "Wraps & Salads"], "name": "Grilled Chicken Snack Wrap", "price": 4.0}, {"productCode": 7552, "categories": ["Desserts"], "name": "Chocolate Flavoured Iced Donut", "price": 3.1}, {"productCode": 7853, "categories": ["Desserts"], "name": "Raisin Toast", "price": 2.0}, {"productCode": 8574, "categories": ["Desserts"], "name": "Soft Serve Cone & Cadbury\u00ae Flake\u00ae", "price": 1.0}, {"productCode": 16000, "categories": ["Chicken & Fish"], "name": "Crispy Chicken Deluxe Burger", "price": 7.65}, {"productCode": 16004, "categories": ["Chicken & Fish"], "name": "Grilled Chicken Deluxe Burger", "price": 7.65}, {"productCode": 20207, "categories": ["Chicken & Fish"], "name": "McSpicy Burger", "price": 8.85}, {"productCode": 20267, "categories": ["Chicken & Fish", "Wraps & Salads"], "name": "Classic Crispy Chicken Salad", "price": 10.25}, {"productCode": 20268, "categories": ["Chicken & Fish", "Wraps & Salads"], "name": "Caesar Crispy Chicken Salad", "price": 10.25}, {"productCode": 20272, "categories": ["Chicken & Fish", "Wraps & Salads"], "name": "Classic Grilled Chicken Salad", "price": 10.25}, {"productCode": 20288, "categories": ["Chicken & Fish", "Wraps & Salads"], "name": "Caesar Grilled Chicken Salad", "price": 10.25}, {"productCode": 20356, "categories": ["Chicken & Fish"], "name": "Double McSpicy ", "price": 11.0}, {"productCode": 20417, "categories": ["Chicken & Fish"], "name": "Cheese and Bacon McSpicy ", "price": 10.05}, {"productCode": 20444, "categories": ["Snacks & Fries", "Wraps & Salads"], "name": "Carrot Sticks", "price": 2.5}, {"productCode": 30040, "categories": ["Desserts"], "name": "Cadbury\u00ae Caramilk\u00ae McFlurry", "price": 4.95}]}