{"store": {"restaurantStatus": "OPEN", "facilities": ["BREAKFAST", "MCCAFE", "MOBILEOFFERS", "MOBILEORDERS", "WIFI"], "address": {"addressLine1": "Kwinana Fwy Northbound", "cityTown": "Baldivis", "country": "Australia", "postalZip": ""}, "mcDeliveries": {"mcDelivery": []}, "location": {"latitude": -32.309432, "longitude": 115.830063}, "name": "Kwinana Freeway Northbound", "nationalStoreNumber": 951495, "phoneNumber": "08 95918631", "status": 1, "timeZone": "(GMT+08:00) Perth", "weekOpeningHours": [{"services": [{"endTime": "22:00:00", "isOpen": true, "serviceName": "LOBBY", "startTime": "04:00:00"}], "dayOfWeekId": 3}, {"services": [{"endTime": "22:00:00", "isOpen": true, "serviceName": "LOBBY", "startTime": "04:00:00"}], "dayOfWeekId": 1}, {"services": [{"endTime": "22:00:00", "isOpen": true, "serviceName": "LOBBY", "startTime": "04:00:00"}], "dayOfWeekId": 4}, {"services": [{"endTime": "22:00:00", "isOpen": true, "serviceName": "LOBBY", "startTime": "04:00:00"}], "dayOfWeekId": 0}, {"services": [{"endTime": "22:00:00", "isOpen": true, "serviceName": "LOBBY", "startTime": "04:00:00"}], "dayOfWeekId": 5}, {"services": [{"endTime": "22:00:00", "isOpen": true, "serviceName": "LOBBY", "startTime": "04:00:00"}], "dayOfWeekId": 2}, {"services": [{"endTime": "22:00:00", "isOpen": true, "serviceName": "LOBBY", "startTime": "04:00:00"}], "dayOfWeekId": 6}]}, "items": [{"productCode": 1, "categories": ["McMuffins"], "name": "Bacon & Egg McMuffin", "shortName": "Item Only", "price": 4.95}, {"productCode": 11, "categories": ["McMuffins"], "name": "Sausage & Egg McMuffin", "shortName": "Item Only", "price": 5.3}, {"productCode": 21, "categories": ["McMuffins"], "name": "Sausage McMuffin", "shortName": "Item Only", "price": 4.35}, {"productCode": 196, "categories": ["McMuffins"], "name": "Double Bacon & Egg McMuffin", "shortName": "Item Only", "price": 5.95}, {"productCode": 200, "categories": ["McMuffins"], "name": "Double Sausage & Egg McMuffin", "shortName": "Item Only", "price": 6.15}, {"productCode": 203, "categories": ["McMuffins"], "name": "Double Sausage McMuffin", "shortName": "Item Only", "price": 5.25}, {"productCode": 281, "categories": ["McMuffins"], "name": "Mighty McMuffin", "shortName": "Item Only", "price": 5.85}, {"productCode": 769, "categories": ["Snacks & Fries"], "name": "Cheesy Toastie", "shortName": "Item Only", "price": 4.0}, {"productCode": 770, "categories": ["Snacks & Fries"], "name": "Cheese & Tomato Toastie", "shortName": "Item Only", "price": 4.0}, {"productCode": 771, "categories": ["Snacks & Fries"], "name": "Ham & Cheese Toastie", "shortName": "Item Only", "price": 4.5}, {"productCode": 772, "categories": ["Snacks & Fries"], "name": "Ham, Cheese & Tomato Toastie", "shortName": "Item Only", "price": 5.0}, {"productCode": 1502, "categories": ["Shakes, Frappes & Smoothies"], "name": "Small Chocolate Shake", "shortName": "Small", "price": 4.1}, {"productCode": 1503, "categories": ["Shakes, Frappes & Smoothies"], "name": "Medium Chocolate Shake", "shortName": "Medium", "price": 4.75}, {"productCode": 1504, "categories": ["Shakes, Frappes & Smoothies"], "name": "Large Chocolate Shake", "shortName": "Large", "price": 5.6}, {"productCode": 1512, "categories": ["Shakes, Frappes & Smoothies"], "name": "Small Strawberry Shake", "shortName": "Small", "price": 4.1}, {"productCode": 1513, "categories": ["Shakes, Frappes & Smoothies"], "name": "Medium Strawberry Shake", "shortName": "Medium", "price": 4.75}, {"productCode": 1514, "categories": ["Shakes, Frappes & Smoothies"], "name": "Large Strawberry Shake", "shortName": "Large", "price": 5.6}, {"productCode": 1522, "categories": ["Shakes, Frappes & Smoothies"], "name": "Small Vanilla Shake", "shortName": "Small", "price": 4.1}, {"productCode": 1523, "categories": ["Shakes, Frappes & Smoothies"], "name": "Medium Vanilla Shake", "shortName": "Medium", "price": 4.75}, {"productCode": 1524, "categories": ["Shakes, Frappes & Smoothies"], "name": "Large Vanilla Shake", "shortName": "Large", "price": 5.6}, {"productCode": 2144, "categories": ["Snacks & Fries"], "name": "Hash Brown", "shortName": "Item Only", "price": 2.35}, {"productCode": 2256, "categories": ["Beef"], "name": "Classic Angus", "shortName": "Item Only", "price": 8.65}, {"productCode": 2313, "categories": ["Beef"], "name": "BBQ Bacon Angus", "shortName": "Item Only", "price": 9.65}, {"productCode": 2501, "categories": ["Snacks & Fries", "Beef"], "name": "Hamburger", "shortName": "Item Only", "price": 3.2}, {"productCode": 2511, "categories": ["Snacks & Fries", "Beef"], "name": "Cheeseburger", "shortName": "Item Only", "price": 3.9}, {"productCode": 2521, "categories": ["Beef"], "name": "Double Cheeseburger", "shortName": "Item Only", "price": 5.4}, {"productCode": 2531, "categories": ["Beef"], "name": "Big Mac", "shortName": "Item Only", "price": 6.55}, {"productCode": 2541, "categories": ["Beef"], "name": "Quarter Pounder", "shortName": "Item Only", "price": 6.9}, {"productCode": 2551, "categories": ["Beef"], "name": "Double Quarter Pounder", "shortName": "Item Only", "price": 8.5}, {"productCode": 2571, "categories": ["Chicken & Fish"], "name": "McChicken", "shortName": "Item Only", "price": 6.8}, {"productCode": 2581, "categories": ["Chicken & Fish"], "name": "Filet-O-Fish", "shortName": "Item Only", "price": 5.75}, {"productCode": 2588, "categories": ["McMuffins"], "name": "Big Brekkie Burger", "shortName": "Item Only", "price": 7.6}, {"productCode": 2606, "categories": ["Snacks & Fries", "Chicken & Fish"], "name": "Chicken 'n' Cheese", "shortName": "Item Only", "price": 4.0}, {"productCode": 2701, "categories": ["Chicken McNuggets", "Snacks & Fries", "Chicken & Fish"], "name": "Chicken McNuggets - 6pc", "shortName": "Item only", "price": 6.45}, {"productCode": 2721, "categories": ["Chicken McNuggets", "Chicken & Fish"], "name": "Chicken McNuggets - 20pc", "shortName": "Item only", "price": 13.7}, {"productCode": 2731, "categories": ["Chicken McNuggets", "Chicken & Fish"], "name": "Chicken McNuggets - 10pc", "shortName": "Item only", "price": 8.45}, {"productCode": 3001, "categories": ["Snacks & Fries"], "name": "Small Fries", "shortName": "Small", "price": 2.0}, {"productCode": 3041, "categories": ["Desserts", "Snacks & Fries"], "name": "Apple Slices", "shortName": "Apple Slices", "price": 2.55}, {"productCode": 3514, "categories": ["Shakes, Frappes & Smoothies"], "name": "Small Caramel Indulgent Shake", "shortName": "Small", "price": 4.9}, {"productCode": 3515, "categories": ["Shakes, Frappes & Smoothies"], "name": "Medium Caramel Indulgent Shake", "shortName": "Medium", "price": 5.65}, {"productCode": 3519, "categories": ["Shakes, Frappes & Smoothies"], "name": "Large Caramel Indulgent Shake", "shortName": "Large", "price": 6.6}, {"productCode": 3601, "categories": ["Beef"], "name": "Triple Cheeseburger", "shortName": "Item Only", "price": 7.0}, {"productCode": 4246, "categories": ["McCafe Drinks"], "name": "Small Iced Long Black - McCaf\u00e9", "shortName": "Small", "price": 4.4}, {"productCode": 4247, "categories": ["McCafe Drinks"], "name": "Medium Iced Long Black - McCaf\u00e9", "shortName": "Medium", "price": 4.8}, {"productCode": 4248, "categories": ["McCafe Drinks"], "name": "Large Iced Long Black - McCaf\u00e9", "shortName": "Large", "price": 5.5}, {"productCode": 4265, "categories": ["Chicken & Fish"], "name": "Double Filet-O-Fish", "shortName": "Item Only", "price": 7.35}, {"productCode": 4270, "categories": ["Chicken & Fish"], "name": "Double McChicken", "shortName": "Item Only", "price": 8.75}, {"productCode": 4407, "categories": ["Shakes, Frappes & Smoothies"], "name": "Medium Coffee Frapp\u00e9", "shortName": "Medium", "price": 5.45}, {"productCode": 4408, "categories": ["Shakes, Frappes & Smoothies"], "name": "Large Coffee Frapp\u00e9", "shortName": "Large", "price": 5.9}, {"productCode": 4410, "categories": ["Shakes, Frappes & Smoothies"], "name": "Medium Chocolate Frapp\u00e9", "shortName": "Medium", "price": 5.45}, {"productCode": 4411, "categories": ["Shakes, Frappes & Smoothies"], "name": "Large Chocolate Frapp\u00e9", "shortName": "Large", "price": 5.9}, {"productCode": 4422, "categories": ["Shakes, Frappes & Smoothies"], "name": "Medium Salted Caramel Frapp\u00e9", "shortName": "Medium", "price": 5.45}, {"productCode": 4423, "categories": ["Shakes, Frappes & Smoothies"], "name": "Large Salted Caramel Frapp\u00e9", "shortName": "Large", "price": 5.9}, {"productCode": 4725, "categories": ["Beef"], "name": "Double Big Mac", "shortName": "Item Only", "price": 8.7}, {"productCode": 4975, "categories": ["Wraps & Salads", "Chicken & Fish"], "name": "Caesar Crispy Chicken McWrap", "shortName": "Item Only", "price": 8.55}, {"productCode": 4981, "categories": ["Wraps & Salads", "Chicken & Fish"], "name": "Caesar Grilled Chicken McWrap", "shortName": "Item Only", "price": 8.55}, {"productCode": 5026, "categories": ["Chicken McNuggets", "Chicken & Fish"], "name": "Chicken McNuggets - 24pc", "shortName": "Item Only", "price": 11.95}, {"productCode": 5283, "categories": ["Wraps & Salads", "Chicken & Fish"], "name": "Aioli Crispy Chicken McWrap", "shortName": "Item Only", "price": 8.55}, {"productCode": 5321, "categories": ["Wraps & Salads", "Chicken & Fish"], "name": "Aioli Grilled Chicken McWrap", "shortName": "Item Only", "price": 8.55}, {"productCode": 5335, "categories": ["Chicken McNuggets", "Snacks & Fries", "Chicken & Fish"], "name": "10pc Chicken McBites", "shortName": "Item Only", "price": 3.0}, {"productCode": 5469, "categories": ["Chicken McNuggets", "Snacks & Fries", "Chicken & Fish"], "name": "Chicken McNuggets - 3pc", "shortName": "Item Only", "price": 4.45}, {"productCode": 5501, "categories": ["Desserts"], "name": "Hot Fudge Sundae (Small)", "shortName": "Small", "price": 4.15}, {"productCode": 5511, "categories": ["Desserts"], "name": "Caramel Sundae (Small)", "shortName": "Small", "price": 4.15}, {"productCode": 5521, "categories": ["Desserts"], "name": "Strawberry Sundae (Small)", "shortName": "Small", "price": 4.15}, {"productCode": 5581, "categories": ["Desserts"], "name": "Large Hot Fudge Sundae", "shortName": "Large", "price": 4.6}, {"productCode": 5591, "categories": ["Desserts"], "name": "Large Caramel Sundae", "shortName": "Large", "price": 4.6}, {"productCode": 5601, "categories": ["Desserts"], "name": "Large Strawberry Sundae", "shortName": "Large", "price": 4.6}, {"productCode": 5662, "categories": ["Desserts"], "name": "Soft Serve Cone", "shortName": "Soft Serve Cone", "price": 0.8}, {"productCode": 5738, "categories": ["Desserts"], "name": "OREO\u00ae McFlurry", "shortName": "Item Only", "price": 4.0}, {"productCode": 5739, "categories": ["Desserts"], "name": "M&M'S\u00ae MINIS McFlurry", "shortName": "Item Only", "price": 4.0}, {"productCode": 5771, "categories": ["Desserts"], "name": "McFlurry with OREO\u00ae Cookie", "shortName": "Item Only", "price": 5.5}, {"productCode": 5820, "categories": ["Desserts", "Snacks & Fries"], "name": "Hot Apple Pie", "shortName": "Hot Apple Pie", "price": 2.75}, {"productCode": 5821, "categories": ["Desserts", "Snacks & Fries"], "name": "McDonaldland Cookies", "shortName": "Item Only", "price": 1.3}, {"productCode": 6397, "categories": ["Desserts"], "name": "Salted Caramel Macaron", "shortName": "Salted Caramel Macaron", "price": 1.95}, {"productCode": 6582, "categories": ["Desserts"], "name": "Warm Double Chocolate Cake", "shortName": "Item Only", "price": 4.25}, {"productCode": 6750, "categories": ["Wraps & Salads", "Snacks & Fries", "Chicken & Fish"], "name": "Crispy Chicken Snack Wrap", "shortName": "Item Only", "price": 4.1}, {"productCode": 6760, "categories": ["Wraps & Salads", "Snacks & Fries", "Chicken & Fish"], "name": "Grilled Chicken Snack Wrap", "shortName": "Item Only", "price": 4.1}, {"productCode": 7131, "categories": ["McCafe Drinks"], "name": "Babycino - McCaf\u00e9", "shortName": "Babycino", "price": 1.3}, {"productCode": 7150, "categories": ["McCafe Drinks"], "name": "Small Cappuccino McCafe", "shortName": "Small", "price": 4.0}, {"productCode": 7152, "categories": ["McCafe Drinks"], "name": "Medium Cappuccino McCafe", "shortName": "Medium", "price": 4.7}, {"productCode": 7189, "categories": ["McCafe Drinks"], "name": "Large Cappuccino McCafe", "shortName": "Large", "price": 5.1}, {"productCode": 7222, "categories": ["Desserts"], "name": "Chocolate Macaron", "shortName": "Chocolate Macaron", "price": 1.95}, {"productCode": 7300, "categories": ["McCafe Drinks"], "name": "Small Flat White McCafe", "shortName": "Small", "price": 4.0}, {"productCode": 7304, "categories": ["McCafe Drinks"], "name": "Medium Flat White McCafe", "shortName": "Medium", "price": 4.7}, {"productCode": 7309, "categories": ["McCafe Drinks"], "name": "Large Flat White McCafe", "shortName": "Large", "price": 5.1}, {"productCode": 7313, "categories": ["McCafe Drinks"], "name": "Small Latt\u00e9 McCafe", "shortName": "Small", "price": 4.0}, {"productCode": 7383, "categories": ["Desserts"], "name": "Chocolate Mud Muffin", "shortName": "Chocolate Mud Muffin", "price": 3.5}, {"productCode": 7386, "categories": ["McCafe Drinks"], "name": "Medium Latt\u00e9 McCafe", "shortName": "Medium", "price": 4.7}, {"productCode": 7387, "categories": ["McCafe Drinks"], "name": "Large Latt\u00e9 McCafe", "shortName": "Large", "price": 5.1}, {"productCode": 7389, "categories": ["McCafe Drinks"], "name": "Small Mocha McCafe", "shortName": "Small", "price": 4.65}, {"productCode": 7390, "categories": ["McCafe Drinks"], "name": "Medium Mocha McCafe", "shortName": "Medium", "price": 5.4}, {"productCode": 7421, "categories": ["McCafe Drinks"], "name": "Large Mocha McCafe", "shortName": "Large", "price": 5.75}, {"productCode": 7423, "categories": ["McCafe Drinks"], "name": "Small Long Black McCafe", "shortName": "Small", "price": 4.0}, {"productCode": 7427, "categories": ["McCafe Drinks"], "name": "Medium Long Black McCafe", "shortName": "Medium", "price": 4.7}, {"productCode": 7430, "categories": ["McCafe Drinks"], "name": "Large Long Black McCafe", "shortName": "Large", "price": 5.1}, {"productCode": 7443, "categories": ["McCafe Drinks"], "name": "Small Hot Chocolate McCaf\u00e9", "shortName": "Small", "price": 4.0}, {"productCode": 7444, "categories": ["McCafe Drinks"], "name": "Medium Hot Chocolate McCaf\u00e9", "shortName": "Medium", "price": 4.45}, {"productCode": 7446, "categories": ["McCafe Drinks"], "name": "Large Hot Chocolate McCaf\u00e9", "shortName": "Large", "price": 5.0}, {"productCode": 7455, "categories": ["McCafe Drinks"], "name": "Small Chai Latte McCaf\u00e9", "shortName": "Small", "price": 3.75}, {"productCode": 7463, "categories": ["McCafe Drinks"], "name": "Medium Chai Latte McCaf\u00e9", "shortName": "Medium", "price": 4.4}, {"productCode": 7493, "categories": ["McCafe Drinks"], "name": "Large Chai Latte McCaf\u00e9", "shortName": "Large", "price": 4.85}, {"productCode": 7506, "categories": ["McCafe Drinks"], "name": "Small Iced Chocolate McCaf\u00e9", "shortName": "Small", "price": 4.15}, {"productCode": 7507, "categories": ["McCafe Drinks"], "name": "Medium Iced Chocolate McCaf\u00e9", "shortName": "Medium", "price": 4.55}, {"productCode": 7529, "categories": ["McCafe Drinks"], "name": "Large Iced Chocolate McCaf\u00e9", "shortName": "Large", "price": 5.0}, {"productCode": 7548, "categories": ["McCafe Drinks"], "name": "Small Iced Latt\u00e9 McCaf\u00e9", "shortName": "Small", "price": 4.5}, {"productCode": 7549, "categories": ["McCafe Drinks"], "name": "Medium Iced Latt\u00e9 McCaf\u00e9", "shortName": "Medium", "price": 4.8}, {"productCode": 7552, "categories": ["Desserts"], "name": "Chocolate Flavoured Iced Donut", "shortName": "Item Only", "price": 3.1}, {"productCode": 7589, "categories": ["McCafe Drinks"], "name": "Large Iced Latt\u00e9 McCaf\u00e9", "shortName": "Large", "price": 5.7}, {"productCode": 7664, "categories": ["McCafe Drinks"], "name": "Espresso McCaf\u00e9", "shortName": "Espresso", "price": 2.65}, {"productCode": 7677, "categories": ["McCafe Drinks"], "name": "Macchiato McCaf\u00e9", "shortName": "Macchiato", "price": 2.65}, {"productCode": 7687, "categories": ["McCafe Drinks"], "name": "Piccolo Latte", "shortName": "Piccolo Latte", "price": 2.85}, {"productCode": 7696, "categories": ["McCafe Drinks"], "name": "Zoetic Earl Grey Tea", "shortName": "Item Only", "price": 3.8}, {"productCode": 7697, "categories": ["McCafe Drinks"], "name": "Zoetic Green Tea", "shortName": "Item Only", "price": 3.8}, {"productCode": 7706, "categories": ["McCafe Drinks"], "name": "Zoetic English Breakfast Tea", "shortName": "Item Only", "price": 3.8}, {"productCode": 7735, "categories": ["Desserts"], "name": "Banana Bread", "shortName": "Banana Bread", "price": 4.0}, {"productCode": 7744, "categories": ["McCafe Drinks"], "name": "Zoetic Peppermint Tea", "shortName": "Item Only", "price": 3.8}, {"productCode": 7836, "categories": ["Desserts"], "name": "Blueberry Muffin", "shortName": "Blueberry Muffin", "price": 3.5}, {"productCode": 7853, "categories": ["Desserts"], "name": "Raisin Toast", "shortName": "Item Only", "price": 2.0}, {"productCode": 10011, "categories": ["McMuffins"], "name": "Brekkie Bundle", "shortName": "Deal", "price": 11.55}, {"productCode": 15046, "categories": ["Shakes, Frappes & Smoothies"], "name": "Medium Mixed Berry Smoothie", "shortName": "Medium", "price": 4.75}, {"productCode": 15048, "categories": ["Shakes, Frappes & Smoothies"], "name": "Medium Tropical Smoothie", "shortName": "Medium", "price": 4.75}, {"productCode": 15050, "categories": ["Shakes, Frappes & Smoothies"], "name": "Large Mixed Berry Smoothie", "shortName": "Large", "price": 5.2}, {"productCode": 15052, "categories": ["Shakes, Frappes & Smoothies"], "name": "Large Tropical Smoothie", "shortName": "Large", "price": 5.2}, {"productCode": 16000, "categories": ["Chicken & Fish"], "name": "Crispy Chicken Deluxe Burger", "shortName": "Item Only", "price": 7.7}, {"productCode": 16004, "categories": ["Chicken & Fish"], "name": "Grilled Chicken Deluxe Burger", "shortName": "Item Only", "price": 7.7}, {"productCode": 20207, "categories": ["Chicken & Fish"], "name": "McSpicy Burger", "shortName": "Item Only", "price": 8.95}, {"productCode": 20267, "categories": ["Wraps & Salads", "Chicken & Fish"], "name": "Classic Crispy Chicken Salad", "shortName": "Item Only", "price": 10.55}, {"productCode": 20268, "categories": ["Wraps & Salads", "Chicken & Fish"], "name": "Caesar Crispy Chicken Salad", "shortName": "Item Only", "price": 10.55}, {"productCode": 20269, "categories": ["Wraps & Salads"], "name": "Garden Salad", "shortName": "Garden Salad", "price": 3.95}, {"productCode": 20272, "categories": ["Wraps & Salads", "Chicken & Fish"], "name": "Classic Grilled Chicken Salad", "shortName": "Item Only", "price": 10.55}, {"productCode": 20288, "categories": ["Wraps & Salads", "Chicken & Fish"], "name": "Caesar Grilled Chicken Salad", "shortName": "Item Only", "price": 10.55}, {"productCode": 20356, "categories": ["Chicken & Fish"], "name": "Double McSpicy", "shortName": "Item Only", "price": 11.1}, {"productCode": 20376, "categories": ["Chicken McNuggets", "Snacks & Fries", "Chicken & Fish"], "name": "Spicy McPieces - 6pc", "shortName": "Item only", "price": 7.35}, {"productCode": 20417, "categories": ["Chicken & Fish"], "name": "Cheese and Bacon McSpicy", "shortName": "Item Only", "price": 10.15}, {"productCode": 20444, "categories": ["Wraps & Salads", "Snacks & Fries"], "name": "Carrot Sticks", "shortName": "Item Only", "price": 2.55}, {"productCode": 30004, "categories": ["Desserts"], "name": "Plain Sundae (Small)", "shortName": "Small", "price": 3.0}, {"productCode": 30008, "categories": ["Desserts"], "name": "Plain Sundae (Large)", "shortName": "Large", "price": 4.55}, {"productCode": 30040, "categories": ["Desserts"], "name": "Cadbury\u00ae Caramilk\u00ae McFlurry", "shortName": "Item Only", "price": 5.5}, {"productCode": 35137, "categories": ["McCafe Drinks"], "name": "Small Flavoured Iced Latt\u00e9 McCaf\u00e9", "shortName": "Small", "price": 5.2}, {"productCode": 35138, "categories": ["McCafe Drinks"], "name": "Medium Flavoured Iced Latt\u00e9 McCaf\u00e9", "shortName": "Medium", "price": 5.5}, {"productCode": 35139, "categories": ["McCafe Drinks"], "name": "Large Flavoured Iced Latt\u00e9 McCaf\u00e9", "shortName": "Large", "price": 6.4}, {"productCode": 35143, "categories": ["McCafe Drinks"], "name": "Small Iced Mocha McCaf\u00e9", "shortName": "Small", "price": 4.8}, {"productCode": 35144, "categories": ["McCafe Drinks"], "name": "Medium Iced Mocha McCaf\u00e9", "shortName": "Medium", "price": 5.1}, {"productCode": 35145, "categories": ["McCafe Drinks"], "name": "Large Iced Mocha McCaf\u00e9", "shortName": "Large", "price": 6.0}, {"productCode": 35149, "categories": ["McCafe Drinks"], "name": "Small Iced Chai Latte McCaf\u00e9", "shortName": "Small", "price": 5.7}, {"productCode": 35150, "categories": ["McCafe Drinks"], "name": "Medium Iced Chai Latte McCaf\u00e9", "shortName": "Medium", "price": 6.0}, {"productCode": 35151, "categories": ["McCafe Drinks"], "name": "Large Iced Chai Latte McCaf\u00e9", "shortName": "Large", "price": 6.9}]}