{"store": {"restaurantStatus": "OPEN", "facilities": ["ACCESSIBILITY", "BABYCHANGING", "BREAKFAST", "DRIVETHRU", "FamilyHandicapAccessible", "INDOORDINING", "INDOORPLAYGROUND", "MALEFEMALEHANDICAPACCESSIBLE", "MCCAFE", "MOBILEOFFERS", "MOBILEORDERS", "PARKINGAREA", "PARTYROOM", "PlayPlacePresence", "SELFORDERKIOSK", "TWENTYFOURHOURS"], "address": {"addressLine1": "49 Banksiadale Gate", "cityTown": "Lakelands", "country": "Australia"}, "mcDeliveries": {"mcDelivery": []}, "location": {"latitude": -32.469495, "longitude": 115.759542}, "name": "Lakelands", "nationalStoreNumber": 951684, "phoneNumber": "08 9542 0933", "status": 1, "timeZone": "(GMT+08:00) Perth", "weekOpeningHours": [{"services": [{"endTime": "23:59:59", "isOpen": true, "serviceName": "DRIVETHRU", "startTime": "00:00:00"}, {"endTime": "23:59:59", "isOpen": true, "serviceName": "LOBBY", "startTime": "00:00:00"}], "dayOfWeekId": 3}, {"services": [{"endTime": "23:59:59", "isOpen": true, "serviceName": "DRIVETHRU", "startTime": "00:00:00"}, {"endTime": "23:59:59", "isOpen": true, "serviceName": "LOBBY", "startTime": "00:00:00"}], "dayOfWeekId": 1}, {"services": [{"endTime": "23:59:59", "isOpen": true, "serviceName": "DRIVETHRU", "startTime": "00:00:00"}, {"endTime": "23:59:59", "isOpen": true, "serviceName": "LOBBY", "startTime": "00:00:00"}], "dayOfWeekId": 4}, {"services": [{"endTime": "23:59:59", "isOpen": true, "serviceName": "DRIVETHRU", "startTime": "00:00:00"}, {"endTime": "23:59:59", "isOpen": true, "serviceName": "LOBBY", "startTime": "00:00:00"}], "dayOfWeekId": 0}, {"services": [{"endTime": "23:59:59", "isOpen": true, "serviceName": "DRIVETHRU", "startTime": "00:00:00"}, {"endTime": "23:59:59", "isOpen": true, "serviceName": "LOBBY", "startTime": "00:00:00"}], "dayOfWeekId": 5}, {"services": [{"endTime": "23:59:59", "isOpen": true, "serviceName": "DRIVETHRU", "startTime": "00:00:00"}, {"endTime": "23:59:59", "isOpen": true, "serviceName": "LOBBY", "startTime": "00:00:00"}], "dayOfWeekId": 2}, {"services": [{"endTime": "23:59:59", "isOpen": true, "serviceName": "DRIVETHRU", "startTime": "00:00:00"}, {"endTime": "23:59:59", "isOpen": true, "serviceName": "LOBBY", "startTime": "00:00:00"}], "dayOfWeekId": 6}]}, "items": [{"productCode": 1, "categories": ["McMuffins"], "name": "Bacon & Egg McMuffin", "shortName": "Item Only", "price": 5.0}, {"productCode": 11, "categories": ["McMuffins"], "name": "Sausage & Egg McMuffin", "shortName": "Item Only", "price": 5.4}, {"productCode": 21, "categories": ["McMuffins"], "name": "Sausage McMuffin", "shortName": "Item Only", "price": 4.5}, {"productCode": 31, "categories": ["McMuffins"], "name": "English McMuffin", "shortName": "Item Only", "price": 2.9}, {"productCode": 196, "categories": ["McMuffins"], "name": "Double Bacon & Egg McMuffin", "shortName": "Item Only", "price": 6.0}, {"productCode": 200, "categories": ["McMuffins"], "name": "Double Sausage & Egg McMuffin", "shortName": "Item Only", "price": 6.25}, {"productCode": 203, "categories": ["McMuffins"], "name": "Double Sausage McMuffin", "shortName": "Item Only", "price": 5.4}, {"productCode": 281, "categories": ["McMuffins"], "name": "Mighty McMuffin", "shortName": "Item Only", "price": 5.95}, {"productCode": 769, "categories": ["Snacks & Fries"], "name": "Cheesy Toastie", "shortName": "Item Only", "price": 4.0}, {"productCode": 770, "categories": ["Snacks & Fries"], "name": "Cheese & Tomato Toastie", "shortName": "Item Only", "price": 4.0}, {"productCode": 771, "categories": ["Snacks & Fries"], "name": "Ham & Cheese Toastie", "shortName": "Item Only", "price": 4.5}, {"productCode": 772, "categories": ["Snacks & Fries"], "name": "Ham, Cheese & Tomato Toastie", "shortName": "Item Only", "price": 5.0}, {"productCode": 1502, "categories": ["Shakes, Frappes & Smoothies"], "name": "Small Chocolate Shake", "shortName": "Small", "price": 4.15}, {"productCode": 1503, "categories": ["Shakes, Frappes & Smoothies"], "name": "Medium Chocolate Shake", "shortName": "Medium", "price": 4.8}, {"productCode": 1504, "categories": ["Shakes, Frappes & Smoothies"], "name": "Large Chocolate Shake", "shortName": "Large", "price": 5.65}, {"productCode": 1512, "categories": ["Shakes, Frappes & Smoothies"], "name": "Small Strawberry Shake", "shortName": "Small", "price": 4.15}, {"productCode": 1513, "categories": ["Shakes, Frappes & Smoothies"], "name": "Medium Strawberry Shake", "shortName": "Medium", "price": 4.8}, {"productCode": 1514, "categories": ["Shakes, Frappes & Smoothies"], "name": "Large Strawberry Shake", "shortName": "Large", "price": 5.65}, {"productCode": 1522, "categories": ["Shakes, Frappes & Smoothies"], "name": "Small Vanilla Shake", "shortName": "Small", "price": 4.15}, {"productCode": 1523, "categories": ["Shakes, Frappes & Smoothies"], "name": "Medium Vanilla Shake", "shortName": "Medium", "price": 4.8}, {"productCode": 1524, "categories": ["Shakes, Frappes & Smoothies"], "name": "Large Vanilla Shake", "shortName": "Large", "price": 5.65}, {"productCode": 2144, "categories": ["Snacks & Fries"], "name": "Hash Brown", "shortName": "Item Only", "price": 2.4}, {"productCode": 2256, "categories": ["Beef"], "name": "Classic Angus", "shortName": "Item Only", "price": 8.75}, {"productCode": 2313, "categories": ["Beef"], "name": "BBQ Bacon Angus", "shortName": "Item Only", "price": 9.8}, {"productCode": 2501, "categories": ["Beef", "Snacks & Fries"], "name": "Hamburger", "shortName": "Item Only", "price": 3.25}, {"productCode": 2511, "categories": ["Beef", "Snacks & Fries"], "name": "Cheeseburger", "shortName": "Item Only", "price": 3.85}, {"productCode": 2521, "categories": ["Beef"], "name": "Double Cheeseburger", "shortName": "Item Only", "price": 5.5}, {"productCode": 2531, "categories": ["Beef"], "name": "Big Mac", "shortName": "Item Only", "price": 6.65}, {"productCode": 2541, "categories": ["Beef"], "name": "Quarter Pounder", "shortName": "Item Only", "price": 7.0}, {"productCode": 2551, "categories": ["Beef"], "name": "Double Quarter Pounder", "shortName": "Item Only", "price": 8.5}, {"productCode": 2571, "categories": ["Chicken & Fish"], "name": "McChicken", "shortName": "Item Only", "price": 6.55}, {"productCode": 2581, "categories": ["Chicken & Fish"], "name": "Filet-O-Fish", "shortName": "Item Only", "price": 5.8}, {"productCode": 2588, "categories": ["McMuffins"], "name": "Big Brekkie Burger", "shortName": "Item Only", "price": 7.3}, {"productCode": 2606, "categories": ["Chicken & Fish", "Snacks & Fries"], "name": "Chicken 'n' Cheese", "shortName": "Item Only", "price": 4.0}, {"productCode": 3001, "categories": ["Snacks & Fries"], "name": "Small Fries", "shortName": "Small", "price": 2.0}, {"productCode": 3002, "categories": ["Snacks & Fries"], "name": "Medium Fries", "shortName": "Medium", "price": 3.2}, {"productCode": 3003, "categories": ["Snacks & Fries"], "name": "Large Fries", "shortName": "Large", "price": 3.65}, {"productCode": 3514, "categories": ["Shakes, Frappes & Smoothies"], "name": "Small Caramel Indulgent Shake", "shortName": "Small", "price": 4.7}, {"productCode": 3515, "categories": ["Shakes, Frappes & Smoothies"], "name": "Medium Caramel Indulgent Shake", "shortName": "Medium", "price": 5.5}, {"productCode": 3519, "categories": ["Shakes, Frappes & Smoothies"], "name": "Large Caramel Indulgent Shake", "shortName": "Large", "price": 6.4}, {"productCode": 3601, "categories": ["Beef"], "name": "Triple Cheeseburger", "shortName": "Item Only", "price": 7.15}, {"productCode": 4116, "categories": ["Beef"], "name": "Wagyu Beef", "shortName": "Item Only", "price": 10.0}, {"productCode": 4265, "categories": ["Chicken & Fish"], "name": "Double Filet-O-Fish", "shortName": "Item Only", "price": 7.4}, {"productCode": 4270, "categories": ["Chicken & Fish"], "name": "Double McChicken", "shortName": "Item Only", "price": 8.55}, {"productCode": 4725, "categories": ["Beef"], "name": "Double Big Mac", "shortName": "Item Only", "price": 8.6}, {"productCode": 4975, "categories": ["Chicken & Fish", "Wraps & Salads"], "name": "Caesar Crispy Chicken McWrap", "shortName": "Item Only", "price": 8.3}, {"productCode": 4981, "categories": ["Chicken & Fish", "Wraps & Salads"], "name": "Caesar Grilled Chicken McWrap", "shortName": "Item Only", "price": 8.3}, {"productCode": 5026, "categories": ["Chicken & Fish", "Chicken McNuggets"], "name": "Chicken McNuggets - 24pc", "shortName": "Item Only", "price": 11.95}, {"productCode": 5283, "categories": ["Chicken & Fish", "Wraps & Salads"], "name": "Aioli Crispy Chicken McWrap", "shortName": "Item Only", "price": 8.3}, {"productCode": 5321, "categories": ["Chicken & Fish", "Wraps & Salads"], "name": "Aioli Grilled Chicken McWrap", "shortName": "Item Only", "price": 8.3}, {"productCode": 5335, "categories": ["Chicken & Fish", "Chicken McNuggets", "Snacks & Fries"], "name": "10pc Chicken McBites", "shortName": "Item Only", "price": 3.0}, {"productCode": 5469, "categories": ["Chicken & Fish", "Chicken McNuggets", "Snacks & Fries"], "name": "Chicken McNuggets - 3pc", "shortName": "Item Only", "price": 4.45}, {"productCode": 5501, "categories": ["Desserts"], "name": "Hot Fudge Sundae (Small)", "shortName": "Small", "price": 3.7}, {"productCode": 5511, "categories": ["Desserts"], "name": "Caramel Sundae (Small)", "shortName": "Small", "price": 3.7}, {"productCode": 5521, "categories": ["Desserts"], "name": "Strawberry Sundae (Small)", "shortName": "Small", "price": 3.7}, {"productCode": 5531, "categories": ["Desserts"], "name": "Plain Sundae (Small)", "shortName": "Small", "price": 3.7}, {"productCode": 5581, "categories": ["Desserts"], "name": "Large Hot Fudge Sundae", "shortName": "Large", "price": 4.55}, {"productCode": 5591, "categories": ["Desserts"], "name": "Large Caramel Sundae", "shortName": "Large", "price": 4.55}, {"productCode": 5601, "categories": ["Desserts"], "name": "Large Strawberry Sundae", "shortName": "Large", "price": 4.55}, {"productCode": 5611, "categories": ["Desserts"], "name": "Large Plain Sundae", "shortName": "Large", "price": 4.55}, {"productCode": 5662, "categories": ["Desserts"], "name": "Soft Serve Cone", "shortName": "Soft Serve Cone", "price": 0.8}, {"productCode": 5666, "categories": ["Desserts"], "name": "Soft Serve Cone with Cadbury\u00ae Flake\u00ae", "shortName": "Item Only", "price": 1.2}, {"productCode": 5738, "categories": ["Desserts"], "name": "OREO\u00ae McFlurry", "shortName": "Item Only", "price": 4.0}, {"productCode": 5739, "categories": ["Desserts"], "name": "M&M'S\u00ae MINIS McFlurry", "shortName": "Item Only", "price": 4.0}, {"productCode": 5771, "categories": ["Desserts"], "name": "McFlurry with OREO\u00ae Cookie", "shortName": "Item Only", "price": 4.85}, {"productCode": 5811, "categories": ["Desserts"], "name": "Hot Apple Pie", "shortName": "Item Only", "price": 1.5}, {"productCode": 5821, "categories": ["Snacks & Fries", "Desserts"], "name": "McDonaldland Cookies", "shortName": "Item Only", "price": 1.3}, {"productCode": 6582, "categories": ["Desserts"], "name": "Warm Double Chocolate Cake", "shortName": "Item Only", "price": 4.25}, {"productCode": 6750, "categories": ["Chicken & Fish", "Wraps & Salads", "Snacks & Fries"], "name": "Crispy Chicken Snack Wrap", "shortName": "Item Only", "price": 4.15}, {"productCode": 6760, "categories": ["Chicken & Fish", "Wraps & Salads", "Snacks & Fries"], "name": "Grilled Chicken Snack Wrap", "shortName": "Item Only", "price": 4.15}, {"productCode": 7552, "categories": ["Desserts"], "name": "Chocolate Flavoured Iced Donut", "shortName": "Item Only", "price": 3.1}, {"productCode": 7853, "categories": ["Desserts"], "name": "Raisin Toast", "shortName": "Item Only", "price": 2.0}, {"productCode": 16000, "categories": ["Chicken & Fish"], "name": "Crispy Chicken Deluxe Burger", "shortName": "Item Only", "price": 7.5}, {"productCode": 16004, "categories": ["Chicken & Fish"], "name": "Grilled Chicken Deluxe Burger", "shortName": "Item Only", "price": 7.5}, {"productCode": 20207, "categories": ["Chicken & Fish"], "name": "McSpicy Burger", "shortName": "Item Only", "price": 8.7}, {"productCode": 20267, "categories": ["Chicken & Fish", "Wraps & Salads"], "name": "Classic Crispy Chicken Salad", "shortName": "Item Only", "price": 10.3}, {"productCode": 20268, "categories": ["Chicken & Fish", "Wraps & Salads"], "name": "Caesar Crispy Chicken Salad", "shortName": "Item Only", "price": 10.3}, {"productCode": 20272, "categories": ["Chicken & Fish", "Wraps & Salads"], "name": "Classic Grilled Chicken Salad", "shortName": "Item Only", "price": 10.3}, {"productCode": 20288, "categories": ["Chicken & Fish", "Wraps & Salads"], "name": "Caesar Grilled Chicken Salad", "shortName": "Item Only", "price": 10.3}, {"productCode": 20356, "categories": ["Chicken & Fish"], "name": "Double McSpicy", "shortName": "Item Only", "price": 10.85}, {"productCode": 20417, "categories": ["Chicken & Fish"], "name": "Cheese and Bacon McSpicy", "shortName": "Item Only", "price": 9.9}, {"productCode": 20444, "categories": ["Wraps & Salads", "Snacks & Fries"], "name": "Carrot Sticks", "shortName": "Item Only", "price": 2.45}, {"productCode": 30040, "categories": ["Desserts"], "name": "Cadbury\u00ae Caramilk\u00ae McFlurry", "shortName": "Item Only", "price": 4.85}, {"productCode": 35103, "categories": ["Shakes, Frappes & Smoothies"], "name": "Small Real Coffee Shake", "shortName": "Small", "price": 4.15}, {"productCode": 35104, "categories": ["Shakes, Frappes & Smoothies"], "name": "Medium Real Coffee Shake", "shortName": "Medium", "price": 4.8}, {"productCode": 35105, "categories": ["Shakes, Frappes & Smoothies"], "name": "Large Real Coffee Shake", "shortName": "Large", "price": 5.65}]}