id,menu,name,price
1,McMuffins,Bacon & Egg McMuffin,$5.00
11,McMuffins,Sausage & Egg McMuffin,$5.35
21,McMuffins,Sausage McMuffin,$4.65
31,McMuffins,English McMuffin,$2.75
196,McMuffins,Double Bacon & Egg McMuffin,$6.20
200,McMuffins,Double Sausage & Egg McMuffin,$6.30
203,McMuffins,Double Sausage McMuffin,$5.55
281,McMuffins,Mighty McMuffin,$6.25
769,Snacks & Fries,Cheesy Toastie,$4.00
770,Snacks & Fries,Cheese & Tomato Toastie,$4.00
771,Snacks & Fries,Ham & Cheese Toastie,$4.50
772,Snacks & Fries,"Ham, Cheese & Tomato Toastie",$5.00
2144,Snacks & Fries,Hash Brown,$2.40
2256,Beef,Classic Angus,$8.80
2313,Beef,BBQ Bacon Angus,$9.80
2501,Beef|Snacks & Fries,Hamburger,$3.00
2511,Beef|Snacks & Fries,Cheeseburger,$4.00
2521,Beef,Double Cheeseburger,$5.50
2531,Beef,Big Mac,$6.70
2541,Beef,Quarter Pounder,$6.85
2551,Beef,Double Quarter Pounder,$8.50
2571,Chicken & Fish,McChicken,$6.75
2581,Chicken & Fish,Filet-O-Fish,$5.75
2588,McMuffins,Big Brekkie Burger,$7.40
2606,Chicken & Fish|Snacks & Fries,Chicken 'n' Cheese,$4.00
3001,Snacks & Fries,Small Fries,$2.00
3002,Snacks & Fries,Medium Fries,$3.20
3003,Snacks & Fries,Large Fries,$3.70
3601,Beef,Triple Cheeseburger,$7.25
4116,Beef,Wagyu Beef ,$10.05
4265,Chicken & Fish,Double Filet-O-Fish,$7.35
4270,Chicken & Fish,Double McChicken,$8.65
4725,Beef,Double Big Mac,$8.75
4975,Chicken & Fish|Wraps & Salads,Caesar Crispy Chicken McWrap,$8.50
4981,Chicken & Fish|Wraps & Salads,Caesar Grilled Chicken McWrap,$8.50
5026,Chicken & Fish|Chicken McNuggets,Chicken McNuggets - 24pc,$11.95
5283,Chicken & Fish|Wraps & Salads,Aioli Crispy Chicken McWrap,$8.50
5321,Chicken & Fish|Wraps & Salads,Aioli Grilled Chicken McWrap,$8.50
5335,Chicken & Fish|Chicken McNuggets|Snacks & Fries,10pc Chicken McBites,$3.00
5469,Chicken & Fish|Chicken McNuggets|Snacks & Fries,Chicken McNuggets - 3pc,$4.25
5662,Desserts,Soft Serve Cone,$0.80
5666,Desserts,Soft Serve Cone with Cadbury® Flake®,$1.20
5738,Desserts,OREO® McFlurry,$4.00
5739,Desserts,M&M'S® MINIS McFlurry,$4.00
5771,Desserts,McFlurry with OREO® Cookie,$5.45
5811,Desserts,Hot Apple Pie,$1.50
5821,Desserts|Snacks & Fries,McDonaldland Cookies,$1.45
6582,Desserts,Warm Double Chocolate Cake,$4.25
6750,Chicken & Fish|Snacks & Fries|Wraps & Salads,Crispy Chicken Snack Wrap,$4.00
6760,Chicken & Fish|Snacks & Fries|Wraps & Salads,Grilled Chicken Snack Wrap,$4.00
7552,Desserts,Chocolate Flavoured Iced Donut,$3.10
7853,Desserts,Raisin Toast,$2.00
8574,Desserts,Soft Serve Cone & Cadbury® Flake®,$1.00
16000,Chicken & Fish,Crispy Chicken Deluxe Burger,$7.75
16004,Chicken & Fish,Grilled Chicken Deluxe Burger,$7.75
20207,Chicken & Fish,McSpicy Burger,$8.95
20267,Chicken & Fish|Wraps & Salads,Classic Crispy Chicken Salad,$10.50
20268,Chicken & Fish|Wraps & Salads,Caesar Crispy Chicken Salad,$10.50
20272,Chicken & Fish|Wraps & Salads,Classic Grilled Chicken Salad,$10.50
20288,Chicken & Fish|Wraps & Salads,Caesar Grilled Chicken Salad,$10.50
20356,Chicken & Fish,Double McSpicy ,$11.10
20417,Chicken & Fish,Cheese and Bacon McSpicy ,$10.15
20444,Snacks & Fries|Wraps & Salads,Carrot Sticks,$2.55
30040,Desserts,Cadbury® Caramilk® McFlurry,$5.45
