id,menu,name,price
1,McMuffins,Bacon & Egg McMuffin,$5.00
11,McMuffins,Sausage & Egg McMuffin,$5.45
21,McMuffins,Sausage McMuffin,$4.45
31,McMuffins,English McMuffin,$2.90
196,McMuffins,Double Bacon & Egg McMuffin,$6.00
200,McMuffins,Double Sausage & Egg McMuffin,$6.30
203,McMuffins,Double Sausage McMuffin,$5.35
281,McMuffins,Mighty McMuffin,$5.95
769,Snacks & Fries,Cheesy Toastie,$4.00
770,Snacks & Fries,Cheese & Tomato Toastie,$4.00
771,Snacks & Fries,Ham & Cheese Toastie,$4.50
772,Snacks & Fries,"Ham, Cheese & Tomato Toastie",$5.00
1502,"Shakes, Frappes & Smoothies",Small Chocolate Shake,$4.60
1503,Drinks,Medium Chocolate Shake,$5.10
1504,Drinks,Large Chocolate Shake,$5.35
1512,"Shakes, Frappes & Smoothies",Small Strawberry Shake,$4.60
1513,Drinks,Medium Strawberry Shake,$5.10
1514,Drinks,Large Strawberry Shake,$5.35
1522,"Shakes, Frappes & Smoothies",Small Vanilla Shake,$4.60
1523,Drinks,Medium Vanilla Shake,$5.10
1524,Drinks,Large Vanilla Shake,$5.35
2144,Snacks & Fries,Hash Brown,$2.40
2256,Beef,Classic Angus,$8.45
2313,Beef,BBQ Bacon Angus,$9.75
2501,Snacks & Fries|Beef,Hamburger,$3.00
2511,Snacks & Fries|Beef,Cheeseburger,$4.10
2521,Beef,Double Cheeseburger,$5.55
2531,Beef,Big Mac,$6.45
2541,Beef,Quarter Pounder,$7.10
2551,Beef,Double Quarter Pounder,$8.20
2571,Chicken & Fish,McChicken,$6.85
2581,Chicken & Fish,Filet-O-Fish,$5.70
2588,McMuffins,Big Brekkie Burger,$7.35
2606,Snacks & Fries|Chicken & Fish,Chicken 'n' Cheese,$4.00
3001,Snacks & Fries,Small Fries,$2.00
3002,Snacks & Fries,Medium Fries,$3.25
3003,Snacks & Fries,Large Fries,$3.80
3514,Drinks,Small Caramel Indulgent Shake,$5.65
3515,"Shakes, Frappes & Smoothies",Medium Caramel Indulgent Shake,$5.95
3519,Drinks,Large Caramel Indulgent Shake,$6.25
3601,Beef,Triple Cheeseburger,$7.15
4116,Beef,Wagyu Beef,$9.70
4265,Chicken & Fish,Double Filet-O-Fish,$7.30
4270,Chicken & Fish,Double McChicken,$8.85
4725,Beef,Double Big Mac,$8.40
4975,Wraps & Salads|Chicken & Fish,Caesar Crispy Chicken McWrap,$8.60
4981,Wraps & Salads|Chicken & Fish,Caesar Grilled Chicken McWrap,$8.60
5026,Chicken McNuggets|Chicken & Fish,Chicken McNuggets - 24pc,$11.95
5283,Wraps & Salads|Chicken & Fish,Aioli Crispy Chicken McWrap,$8.60
5321,Wraps & Salads|Chicken & Fish,Aioli Grilled Chicken McWrap,$8.60
5335,Snacks & Fries|Chicken McNuggets|Chicken & Fish,10pc Chicken McBites,$3.00
5469,Snacks & Fries|Chicken McNuggets|Chicken & Fish,Chicken McNuggets - 3pc,$4.40
5501,Desserts,Hot Fudge Sundae (Small),$3.65
5511,Desserts,Caramel Sundae (Small),$3.65
5521,Desserts,Strawberry Sundae (Small),$3.65
5531,Desserts,Plain Sundae (Small),$3.65
5581,Desserts,Large Hot Fudge Sundae,$4.70
5591,Desserts,Large Caramel Sundae,$4.70
5601,Desserts,Large Strawberry Sundae,$4.70
5611,Desserts,Large Plain Sundae,$4.70
5662,Desserts,Soft Serve Cone,$0.80
5666,Desserts,Soft Serve Cone with Cadbury® Flake®,$1.20
5738,Desserts,OREO® McFlurry,$4.00
5739,Desserts,M&M'S® MINIS McFlurry,$4.00
5771,Desserts,McFlurry with OREO® Cookie,$5.00
5811,Desserts,Hot Apple Pie,$1.50
5821,Snacks & Fries|Desserts,McDonaldland Cookies,$1.40
6582,Desserts,Warm Double Chocolate Cake,$4.25
6750,Snacks & Fries|Wraps & Salads|Chicken & Fish,Crispy Chicken Snack Wrap,$4.25
6760,Snacks & Fries|Wraps & Salads|Chicken & Fish,Grilled Chicken Snack Wrap,$4.25
7552,Desserts,Chocolate Flavoured Iced Donut,$3.10
7853,Desserts,Raisin Toast,$2.00
16000,Chicken & Fish,Crispy Chicken Deluxe Burger,$7.80
16004,Chicken & Fish,Grilled Chicken Deluxe Burger,$7.80
20207,Chicken & Fish,McSpicy Burger,$9.00
20267,Wraps & Salads|Chicken & Fish,Classic Crispy Chicken Salad,$10.60
20268,Wraps & Salads|Chicken & Fish,Caesar Crispy Chicken Salad,$10.60
20272,Wraps & Salads|Chicken & Fish,Classic Grilled Chicken Salad,$10.60
20288,Wraps & Salads|Chicken & Fish,Caesar Grilled Chicken Salad,$10.60
20356,Chicken & Fish,Double McSpicy,$11.15
20417,Chicken & Fish,Cheese and Bacon McSpicy,$10.20
20444,Snacks & Fries|Wraps & Salads,Carrot Sticks,$3.00
30040,Desserts,Cadbury® Caramilk® McFlurry,$5.00
35103,"Shakes, Frappes & Smoothies",Small Real Coffee Shake,$4.60
35104,Drinks,Medium Real Coffee Shake,$5.10
35105,Drinks,Large Real Coffee Shake,$5.35
