id,menu,name,price
1,McMuffins,Bacon & Egg McMuffin,$5.10
11,McMuffins,Sausage & Egg McMuffin,$5.40
21,McMuffins,Sausage McMuffin,$4.85
31,McMuffins,English McMuffin,$3.10
196,McMuffins,Double Bacon & Egg McMuffin,$6.10
200,McMuffins,Double Sausage & Egg McMuffin,$6.30
203,McMuffins,Double Sausage McMuffin,$5.75
281,McMuffins,Mighty McMuffin,$6.15
769,Snacks & Fries,Cheesy Toastie,$4.00
770,Snacks & Fries,Cheese & Tomato Toastie,$4.00
771,Snacks & Fries,Ham & Cheese Toastie,$4.50
772,Snacks & Fries,"Ham, Cheese & Tomato Toastie",$5.00
2144,Snacks & Fries,Hash Brown,$2.40
2256,Beef,Classic Angus,$8.15
2313,Beef,BBQ Bacon Angus,$9.75
2501,Snacks & Fries|Beef,Hamburger,$3.20
2511,Snacks & Fries|Beef,Cheeseburger,$4.30
2521,Beef,Double Cheeseburger,$5.70
2531,Beef,Big Mac,$6.70
2541,Beef,Quarter Pounder,$7.10
2551,Beef,Double Quarter Pounder,$8.60
2571,Chicken & Fish,McChicken,$7.00
2581,Chicken & Fish,Filet-O-Fish,$5.80
2588,McMuffins,Big Brekkie Burger,$7.35
2606,Snacks & Fries|Chicken & Fish,Chicken 'n' Cheese,$4.00
3001,Snacks & Fries,Small Fries,$2.00
3002,Snacks & Fries,Medium Fries,$3.35
3003,Snacks & Fries,Large Fries,$3.80
3601,Beef,Triple Cheeseburger,$7.30
4116,Beef,Wagyu Beef ,$9.40
4265,Chicken & Fish,Double Filet-O-Fish,$7.40
4270,Chicken & Fish,Double McChicken,$9.00
4725,Beef,Double Big Mac,$8.55
4975,Wraps & Salads|Chicken & Fish,Caesar Crispy Chicken McWrap,$8.80
4981,Wraps & Salads|Chicken & Fish,Caesar Grilled Chicken McWrap,$8.80
5026,Chicken McNuggets|Chicken & Fish,Chicken McNuggets - 24pc,$11.95
5283,Wraps & Salads|Chicken & Fish,Aioli Crispy Chicken McWrap,$8.80
5321,Wraps & Salads|Chicken & Fish,Aioli Grilled Chicken McWrap,$8.80
5335,Snacks & Fries|Chicken McNuggets|Chicken & Fish,10pc Chicken McBites,$3.00
5469,Snacks & Fries|Chicken McNuggets|Chicken & Fish,Chicken McNuggets - 3pc,$4.60
5501,Desserts,Hot Fudge Sundae,$3.90
5511,Desserts,Caramel Sundae,$3.90
5521,Desserts,Strawberry Sundae,$3.90
5531,Desserts,Plain Sundae,$3.90
5662,Desserts,Soft Serve Cone,$0.85
5666,Desserts,Soft Serve Cone with Cadbury® Flake®,$1.35
5738,Desserts,OREO® McFlurry,$4.00
5739,Desserts,M&M'S® MINIS McFlurry,$4.00
5771,Desserts,McFlurry with OREO® Cookie,$5.00
5811,Desserts,Hot Apple Pie,$1.50
5821,Snacks & Fries|Desserts,McDonaldland Cookies,$1.35
6582,Desserts,Warm Double Chocolate Cake,$4.25
6750,Snacks & Fries|Wraps & Salads|Chicken & Fish,Crispy Chicken Snack Wrap,$4.00
6760,Snacks & Fries|Wraps & Salads|Chicken & Fish,Grilled Chicken Snack Wrap,$4.00
7552,Desserts,Chocolate Flavoured Iced Donut,$3.10
7853,Desserts,Raisin Toast,$2.00
8574,Desserts,Soft Serve Cone & Cadbury® Flake®,$1.00
16000,Chicken & Fish,Crispy Chicken Deluxe Burger,$8.00
16004,Chicken & Fish,Grilled Chicken Deluxe Burger,$8.00
20207,Chicken & Fish,McSpicy Burger,$9.20
20267,Wraps & Salads|Chicken & Fish,Classic Crispy Chicken Salad,$10.75
20268,Wraps & Salads|Chicken & Fish,Caesar Crispy Chicken Salad,$10.75
20272,Wraps & Salads|Chicken & Fish,Classic Grilled Chicken Salad,$10.75
20288,Wraps & Salads|Chicken & Fish,Caesar Grilled Chicken Salad,$10.75
20356,Chicken & Fish,Double McSpicy ,$11.35
20417,Chicken & Fish,Cheese and Bacon McSpicy ,$10.40
20444,Snacks & Fries|Wraps & Salads,Carrot Sticks,$2.70
30040,Desserts,Cadbury® Caramilk® McFlurry,$5.00
