id,menu,name,price
1,McMuffins,Bacon & Egg McMuffin,$5.00
11,McMuffins,Sausage & Egg McMuffin,$5.30
21,McMuffins,Sausage McMuffin,$4.40
31,McMuffins,English McMuffin,$3.00
196,McMuffins,Double Bacon & Egg McMuffin,$6.00
200,McMuffins,Double Sausage & Egg McMuffin,$6.20
203,McMuffins,Double Sausage McMuffin,$5.30
281,McMuffins,Mighty McMuffin,$5.85
769,Snacks & Fries,Cheesy Toastie,$4.00
770,Snacks & Fries,Cheese & Tomato Toastie,$4.00
771,Snacks & Fries,Ham & Cheese Toastie,$4.50
772,Snacks & Fries,"Ham, Cheese & Tomato Toastie",$5.00
2144,Snacks & Fries,Hash Brown,$2.40
2256,Beef,Classic Angus,$8.75
2313,Beef,BBQ Bacon Angus,$9.75
2501,Beef|Snacks & Fries,Hamburger,$3.20
2511,Beef|Snacks & Fries,Cheeseburger,$3.90
2521,Beef,Double Cheeseburger,$5.45
2531,Beef,Big Mac,$6.60
2541,Beef,Quarter Pounder,$7.00
2551,Beef,Double Quarter Pounder,$8.65
2571,Chicken & Fish,McChicken,$6.55
2581,Chicken & Fish,Filet-O-Fish,$5.95
2588,McMuffins,Big Brekkie Burger,$7.00
2606,Chicken & Fish|Snacks & Fries,Chicken 'n' Cheese,$4.00
3001,Snacks & Fries,Small Fries,$2.00
3002,Snacks & Fries,Medium Fries,$3.15
3003,Snacks & Fries,Large Fries,$3.60
3601,Beef,Triple Cheeseburger,$7.10
4116,Beef,Wagyu Beef ,$10.00
4265,Chicken & Fish,Double Filet-O-Fish,$7.55
4270,Chicken & Fish,Double McChicken,$8.55
4725,Beef,Double Big Mac,$8.70
4975,Chicken & Fish|Wraps & Salads,Caesar Crispy Chicken McWrap,$8.30
4981,Chicken & Fish|Wraps & Salads,Caesar Grilled Chicken McWrap,$8.30
5026,Chicken & Fish|Chicken McNuggets,Chicken McNuggets - 24pc,$11.95
5283,Chicken & Fish|Wraps & Salads,Aioli Crispy Chicken McWrap,$8.30
5321,Chicken & Fish|Wraps & Salads,Aioli Grilled Chicken McWrap,$8.30
5335,Chicken & Fish|Chicken McNuggets|Snacks & Fries,10pc Chicken McBites,$3.00
5469,Chicken & Fish|Chicken McNuggets|Snacks & Fries,Chicken McNuggets - 3pc,$4.45
5662,Desserts,Soft Serve Cone,$0.80
5666,Desserts,Soft Serve Cone with Cadbury® Flake®,$1.20
5738,Desserts,OREO® McFlurry,$4.00
5739,Desserts,M&M'S® MINIS McFlurry,$4.00
5771,Desserts,McFlurry with OREO® Cookie,$4.95
5811,Desserts,Hot Apple Pie,$1.50
5821,Desserts|Snacks & Fries,McDonaldland Cookies,$1.30
6582,Desserts,Warm Double Chocolate Cake,$4.25
6750,Chicken & Fish|Snacks & Fries|Wraps & Salads,Crispy Chicken Snack Wrap,$3.80
6760,Chicken & Fish|Snacks & Fries|Wraps & Salads,Grilled Chicken Snack Wrap,$3.80
7552,Desserts,Chocolate Flavoured Iced Donut,$3.10
7853,Desserts,Raisin Toast,$2.00
8574,Desserts,Soft Serve Cone & Cadbury® Flake®,$1.00
16000,Chicken & Fish,Crispy Chicken Deluxe Burger,$7.50
16004,Chicken & Fish,Grilled Chicken Deluxe Burger,$7.50
20207,Chicken & Fish,McSpicy Burger,$8.70
20267,Chicken & Fish|Wraps & Salads,Classic Crispy Chicken Salad,$10.30
20268,Chicken & Fish|Wraps & Salads,Caesar Crispy Chicken Salad,$10.30
20272,Chicken & Fish|Wraps & Salads,Classic Grilled Chicken Salad,$10.30
20288,Chicken & Fish|Wraps & Salads,Caesar Grilled Chicken Salad,$10.30
20356,Chicken & Fish,Double McSpicy ,$10.85
20417,Chicken & Fish,Cheese and Bacon McSpicy ,$9.90
20444,Snacks & Fries|Wraps & Salads,Carrot Sticks,$2.55
30040,Desserts,Cadbury® Caramilk® McFlurry,$4.95
