id,menu,name,price
1,McMuffins,Bacon & Egg McMuffin,$4.80
11,McMuffins,Sausage & Egg McMuffin,$5.00
21,McMuffins,Sausage McMuffin,$4.15
31,McMuffins,English McMuffin,$2.65
196,McMuffins,Double Bacon & Egg McMuffin,$5.60
200,McMuffins,Double Sausage & Egg McMuffin,$5.65
203,McMuffins,Double Sausage McMuffin,$5.05
281,McMuffins,Mighty McMuffin,$5.55
769,Snacks & Fries,Cheesy Toastie,$4.00
770,Snacks & Fries,Cheese & Tomato Toastie,$4.00
771,Snacks & Fries,Ham & Cheese Toastie,$4.50
772,Snacks & Fries,"Ham, Cheese & Tomato Toastie",$5.00
2144,Snacks & Fries,Hash Brown,$2.45
2256,Beef,Classic Angus,$8.30
2313,Beef,BBQ Bacon Angus,$9.35
2501,Snacks & Fries|Beef,Hamburger,$3.00
2511,Snacks & Fries|Beef,Cheeseburger,$3.75
2521,Beef,Double Cheeseburger,$5.10
2531,Beef,Big Mac,$6.55
2541,Beef,Quarter Pounder,$6.55
2551,Beef,Double Quarter Pounder,$8.30
2571,Chicken & Fish,McChicken,$6.40
2581,Chicken & Fish,Filet-O-Fish,$5.25
2588,McMuffins,Big Brekkie Burger,$7.10
2606,Snacks & Fries|Chicken & Fish,Chicken 'n' Cheese,$4.00
3001,Snacks & Fries,Small Fries,$2.00
3002,Snacks & Fries,Medium Fries,$3.15
3003,Snacks & Fries,Large Fries,$3.50
3601,Beef,Triple Cheeseburger,$7.00
4116,Beef,Wagyu Beef ,$9.55
4265,Chicken & Fish,Double Filet-O-Fish,$6.85
4270,Chicken & Fish,Double McChicken,$8.40
4725,Beef,Double Big Mac,$8.35
4975,Wraps & Salads|Chicken & Fish,Caesar Crispy Chicken McWrap,$8.15
4981,Wraps & Salads|Chicken & Fish,Caesar Grilled Chicken McWrap,$8.15
5026,Chicken McNuggets|Chicken & Fish,Chicken McNuggets - 24pc,$11.95
5283,Wraps & Salads|Chicken & Fish,Aioli Crispy Chicken McWrap,$8.15
5321,Wraps & Salads|Chicken & Fish,Aioli Grilled Chicken McWrap,$8.15
5335,Snacks & Fries|Chicken McNuggets|Chicken & Fish,10pc Chicken McBites,$3.00
5469,Snacks & Fries|Chicken McNuggets|Chicken & Fish,Chicken McNuggets - 3pc,$3.90
5501,Desserts,Hot Fudge Sundae,$3.40
5511,Desserts,Caramel Sundae,$3.40
5521,Desserts,Strawberry Sundae,$3.40
5531,Desserts,Plain Sundae,$3.40
5662,Desserts,Soft Serve Cone,$0.80
5666,Desserts,Soft Serve Cone with Cadbury® Flake®,$1.20
5738,Desserts,OREO® McFlurry,$4.00
5739,Desserts,M&M'S® MINIS McFlurry,$4.00
5771,Desserts,McFlurry with OREO® Cookie,$4.95
5811,Desserts,Hot Apple Pie,$1.50
5821,Snacks & Fries|Desserts,McDonaldland Cookies,$1.30
6582,Desserts,Warm Double Chocolate Cake,$4.25
6750,Snacks & Fries|Wraps & Salads|Chicken & Fish,Crispy Chicken Snack Wrap,$3.90
6760,Snacks & Fries|Wraps & Salads|Chicken & Fish,Grilled Chicken Snack Wrap,$3.90
7552,Desserts,Chocolate Flavoured Iced Donut,$3.10
7853,Desserts,Raisin Toast,$2.00
8574,Desserts,Soft Serve Cone & Cadbury® Flake®,$1.00
16000,Chicken & Fish,Crispy Chicken Deluxe Burger,$7.35
16004,Chicken & Fish,Grilled Chicken Deluxe Burger,$7.35
20207,Chicken & Fish,McSpicy Burger,$8.55
20267,Wraps & Salads|Chicken & Fish,Classic Crispy Chicken Salad,$10.15
20268,Wraps & Salads|Chicken & Fish,Caesar Crispy Chicken Salad,$10.15
20272,Wraps & Salads|Chicken & Fish,Classic Grilled Chicken Salad,$10.15
20288,Wraps & Salads|Chicken & Fish,Caesar Grilled Chicken Salad,$10.15
20356,Chicken & Fish,Double McSpicy ,$10.70
20417,Chicken & Fish,Cheese and Bacon McSpicy ,$9.75
20444,Snacks & Fries|Wraps & Salads,Carrot Sticks,$2.45
30040,Desserts,Cadbury® Caramilk® McFlurry,$4.95
