id,menu,name,price
1,McMuffins,Bacon & Egg McMuffin,$5.50
11,McMuffins,Sausage & Egg McMuffin,$5.75
21,McMuffins,Sausage McMuffin,$4.90
31,McMuffins,English McMuffin,$3.25
196,McMuffins,Double Bacon & Egg McMuffin,$6.50
200,McMuffins,Double Sausage & Egg McMuffin,$6.65
203,McMuffins,Double Sausage McMuffin,$5.80
281,McMuffins,Mighty McMuffin,$6.55
769,Snacks & Fries,Cheesy Toastie,$5.30
770,Snacks & Fries,Cheese & Tomato Toastie,$5.30
771,Snacks & Fries,Ham & Cheese Toastie,$5.80
772,Snacks & Fries,"Ham, Cheese & Tomato Toastie",$6.30
2144,Snacks & Fries,Hash Brown,$2.10
2256,Beef,Classic Angus,$9.65
2313,Beef,BBQ Bacon Angus,$10.35
2501,Beef|Snacks & Fries,Hamburger,$3.40
2511,Beef|Snacks & Fries,Cheeseburger,$4.55
2521,Beef,Double Cheeseburger,$6.10
2531,Beef,Big Mac,$7.35
2541,Beef,Quarter Pounder,$7.75
2551,Beef,Double Quarter Pounder,$9.75
2571,Chicken & Fish,McChicken,$7.50
2581,Chicken & Fish,Filet-O-Fish,$6.25
2588,McMuffins,Big Brekkie Burger,$8.30
2606,Chicken & Fish|Snacks & Fries,Chicken 'n' Cheese,$4.00
3001,Snacks & Fries,Small Fries,$2.00
3002,Snacks & Fries,Medium Fries,$3.60
3003,Snacks & Fries,Large Fries,$4.20
3601,Beef,Triple Cheeseburger,$7.85
4116,Beef,Wagyu Beef ,$10.90
4265,Chicken & Fish,Double Filet-O-Fish,$7.85
4270,Chicken & Fish,Double McChicken,$9.50
4725,Beef,Double Big Mac,$9.60
4975,Wraps & Salads|Chicken & Fish,Caesar Crispy Chicken McWrap,$9.25
4981,Wraps & Salads|Chicken & Fish,Caesar Grilled Chicken McWrap,$9.25
5026,Chicken & Fish|Chicken McNuggets,Chicken McNuggets - 24pc,$11.95
5283,Wraps & Salads|Chicken & Fish,Aioli Crispy Chicken McWrap,$9.25
5321,Wraps & Salads|Chicken & Fish,Aioli Grilled Chicken McWrap,$9.25
5335,Snacks & Fries|Chicken & Fish|Chicken McNuggets,10pc Chicken McBites,$3.00
5469,Snacks & Fries|Chicken & Fish|Chicken McNuggets,Chicken McNuggets - 3pc,$4.15
5501,Desserts,Hot Fudge Sundae (Small),$4.00
5511,Desserts,Caramel Sundae (Small),$4.00
5521,Desserts,Strawberry Sundae (Small),$4.00
5531,Desserts,Plain Sundae (Small),$4.00
5581,Desserts,Large Hot Fudge Sundae,$4.95
5591,Desserts,Large Caramel Sundae,$4.95
5601,Desserts,Large Strawberry Sundae,$4.95
5611,Desserts,Large Plain Sundae,$4.95
5662,Desserts,Soft Serve Cone,$0.80
5666,Desserts,Soft Serve Cone with Cadbury® Flake®,$1.20
5738,Desserts,OREO® McFlurry,$4.00
5739,Desserts,M&M'S® MINIS McFlurry,$4.00
5771,Desserts,McFlurry with OREO® Cookie,$5.50
5811,Desserts,Hot Apple Pie,$1.50
5821,Desserts|Snacks & Fries,McDonaldland Cookies,$1.60
6582,Desserts,Warm Double Chocolate Cake,$4.25
6750,Wraps & Salads|Chicken & Fish|Snacks & Fries,Crispy Chicken Snack Wrap,$4.20
6760,Wraps & Salads|Chicken & Fish|Snacks & Fries,Grilled Chicken Snack Wrap,$4.20
7552,Desserts,Chocolate Flavoured Iced Donut,$3.10
7853,Desserts,Raisin Toast,$1.95
16000,Chicken & Fish,Crispy Chicken Deluxe Burger,$8.45
16004,Chicken & Fish,Grilled Chicken Deluxe Burger,$8.45
20207,Chicken & Fish,McSpicy Burger,$9.65
20267,Wraps & Salads|Chicken & Fish,Classic Crispy Chicken Salad,$11.25
20268,Wraps & Salads|Chicken & Fish,Caesar Crispy Chicken Salad,$11.25
20272,Wraps & Salads|Chicken & Fish,Classic Grilled Chicken Salad,$11.25
20288,Wraps & Salads|Chicken & Fish,Caesar Grilled Chicken Salad,$11.25
20356,Chicken & Fish,Double McSpicy ,$11.80
20417,Chicken & Fish,Cheese and Bacon McSpicy ,$10.85
20444,Wraps & Salads|Snacks & Fries,Carrot Sticks,$2.70
30040,Desserts,Cadbury® Caramilk® McFlurry,$5.50
