id,menu,name,price
1,McMuffins,Bacon & Egg McMuffin,$5.50
11,McMuffins,Sausage & Egg McMuffin,$5.75
21,McMuffins,Sausage McMuffin,$4.90
196,McMuffins,Double Bacon & Egg McMuffin,$6.50
200,McMuffins,Double Sausage & Egg McMuffin,$6.65
203,McMuffins,Double Sausage McMuffin,$5.80
281,McMuffins,Mighty McMuffin,$6.55
769,Snacks & Fries,Cheesy Toastie,$5.30
770,Snacks & Fries,Cheese & Tomato Toastie,$5.30
771,Snacks & Fries,Ham & Cheese Toastie,$5.80
772,Snacks & Fries,"Ham, Cheese & Tomato Toastie",$6.30
1502,"Shakes, Frappes & Smoothies",Small Chocolate Shake,$4.45
1503,"Shakes, Frappes & Smoothies",Medium Chocolate Shake,$5.00
1504,"Shakes, Frappes & Smoothies",Large Chocolate Shake,$5.75
1512,"Shakes, Frappes & Smoothies",Small Strawberry Shake,$4.45
1513,"Shakes, Frappes & Smoothies",Medium Strawberry Shake,$5.00
1514,"Shakes, Frappes & Smoothies",Large Strawberry Shake,$5.75
1522,"Shakes, Frappes & Smoothies",Small Vanilla Shake,$4.45
1523,"Shakes, Frappes & Smoothies",Medium Vanilla Shake,$5.00
1524,"Shakes, Frappes & Smoothies",Large Vanilla Shake,$5.75
2144,Snacks & Fries,Hash Brown,$2.10
2256,Beef,Classic Angus,$9.65
2313,Beef,BBQ Bacon Angus,$10.35
2501,Snacks & Fries|Beef,Hamburger,$3.40
2511,Snacks & Fries|Beef,Cheeseburger,$4.55
2521,Beef,Double Cheeseburger,$6.10
2531,Beef,Big Mac,$7.35
2541,Beef,Quarter Pounder,$7.75
2551,Beef,Double Quarter Pounder,$9.75
2571,Chicken & Fish,McChicken,$7.50
2581,Chicken & Fish,Filet-O-Fish,$6.25
2588,McMuffins,Big Brekkie Burger,$8.30
2606,Snacks & Fries|Chicken & Fish,Chicken 'n' Cheese,$4.00
2701,Snacks & Fries|Chicken McNuggets|Chicken & Fish,Chicken McNuggets - 6pc,$6.90
2721,Chicken McNuggets|Chicken & Fish,Chicken McNuggets - 20pc,$15.65
2731,Chicken McNuggets|Chicken & Fish,Chicken McNuggets - 10pc,$9.40
2877,Happy Meals,Chicken McNuggets 3pc Happy Meal,$4.20
2887,Happy Meals,Chicken McNuggets 6pc Happy Meal,$6.65
2896,Happy Meals,Crispy Chicken Snack Wrap Happy Meal,$4.20
2906,Happy Meals,Grilled Chicken Snack Wrap Happy Meal,$4.20
3001,Snacks & Fries,Small Fries,$2.00
3041,Snacks & Fries|Desserts|Happy Meals,Apple Slices,$2.70
3514,"Shakes, Frappes & Smoothies",Small Caramel Indulgent Shake,$5.50
3515,"Shakes, Frappes & Smoothies",Medium Caramel Indulgent Shake,$6.30
3519,"Shakes, Frappes & Smoothies",Large Caramel Indulgent Shake,$7.10
3601,Beef,Triple Cheeseburger,$7.85
4246,McCafe Drinks,Small Iced Long Black - McCafé,$4.40
4247,McCafe Drinks,Medium Iced Long Black - McCafé,$5.20
4248,McCafe Drinks,Large Iced Long Black - McCafé,$5.75
4265,Chicken & Fish,Double Filet-O-Fish,$7.85
4270,Chicken & Fish,Double McChicken,$9.50
4407,"Shakes, Frappes & Smoothies",Medium Coffee Frappé,$5.25
4408,"Shakes, Frappes & Smoothies",Large Coffee Frappé,$5.70
4410,"Shakes, Frappes & Smoothies",Medium Chocolate Frappé,$5.25
4411,"Shakes, Frappes & Smoothies",Large Chocolate Frappé,$5.70
4422,"Shakes, Frappes & Smoothies",Medium Salted Caramel Frappé,$5.25
4423,"Shakes, Frappes & Smoothies",Large Salted Caramel Frappé,$5.70
4725,Beef,Double Big Mac,$9.60
4975,Wraps & Salads|Chicken & Fish,Caesar Crispy Chicken McWrap,$9.25
4981,Wraps & Salads|Chicken & Fish,Caesar Grilled Chicken McWrap,$9.25
5026,Chicken McNuggets|Chicken & Fish,Chicken McNuggets - 24pc,$11.95
5283,Wraps & Salads|Chicken & Fish,Aioli Crispy Chicken McWrap,$9.25
5321,Wraps & Salads|Chicken & Fish,Aioli Grilled Chicken McWrap,$9.25
5335,Snacks & Fries|Chicken McNuggets|Chicken & Fish,10pc Chicken McBites,$3.00
5469,Snacks & Fries|Chicken McNuggets|Chicken & Fish,Chicken McNuggets - 3pc,$4.15
5501,Desserts,Hot Fudge Sundae (Small),$4.00
5511,Desserts,Caramel Sundae (Small),$4.00
5521,Desserts,Strawberry Sundae (Small),$4.00
5581,Desserts,Large Hot Fudge Sundae,$4.95
5591,Desserts,Large Caramel Sundae,$4.95
5601,Desserts,Large Strawberry Sundae,$4.95
5662,Desserts,Soft Serve Cone,$0.80
5738,Desserts,OREO® McFlurry,$4.00
5739,Desserts,M&M'S® MINIS McFlurry,$4.00
5771,Desserts,McFlurry with OREO® Cookie,$5.50
5820,Snacks & Fries|Desserts,Hot Apple Pie,$3.10
5821,Snacks & Fries|Desserts,McDonaldland Cookies,$1.60
6397,Desserts,Salted Caramel Macaron,$1.95
6582,Desserts,Warm Double Chocolate Cake,$4.25
6750,Snacks & Fries|Wraps & Salads|Chicken & Fish,Crispy Chicken Snack Wrap,$4.20
6760,Snacks & Fries|Wraps & Salads|Chicken & Fish,Grilled Chicken Snack Wrap,$4.20
7131,McCafe Drinks,Babycino - McCafé,$1.30
7150,McCafe Drinks,Small Cappuccino McCafe,$4.35
7152,McCafe Drinks,Medium Cappuccino McCafe,$5.20
7189,McCafe Drinks,Large Cappuccino McCafe,$5.75
7222,Desserts,Chocolate Macaron,$1.95
7300,McCafe Drinks,Small Flat White McCafe,$4.35
7304,McCafe Drinks,Medium Flat White McCafe,$5.20
7309,McCafe Drinks,Large Flat White McCafe,$5.75
7313,McCafe Drinks,Small Latté McCafe,$4.35
7383,Desserts,Chocolate Mud Muffin,$3.80
7386,McCafe Drinks,Medium Latté McCafe,$5.20
7387,McCafe Drinks,Large Latté McCafe,$5.75
7389,McCafe Drinks,Small Mocha McCafe,$4.60
7390,McCafe Drinks,Medium Mocha McCafe,$5.35
7421,McCafe Drinks,Large Mocha McCafe,$6.00
7423,McCafe Drinks,Small Long Black McCafe,$4.35
7427,McCafe Drinks,Medium Long Black McCafe,$5.20
7430,McCafe Drinks,Large Long Black McCafe,$5.75
7443,McCafe Drinks,Small Hot Chocolate McCafé,$4.25
7444,McCafe Drinks,Medium Hot Chocolate McCafé,$4.55
7446,McCafe Drinks,Large Hot Chocolate McCafé,$5.15
7455,McCafe Drinks,Small Chai Latte McCafé,$4.15
7463,McCafe Drinks,Medium Chai Latte McCafé,$4.50
7493,McCafe Drinks,Large Chai Latte McCafé,$4.85
7506,McCafe Drinks,Small Iced Chocolate McCafé,$4.25
7507,McCafe Drinks,Medium Iced Chocolate McCafé,$4.80
7529,McCafe Drinks,Large Iced Chocolate McCafé,$5.25
7548,McCafe Drinks,Small Iced Latté McCafé,$4.40
7549,McCafe Drinks,Medium Iced Latté McCafé,$5.00
7552,Desserts,Chocolate Flavoured Iced Donut,$3.10
7589,McCafe Drinks,Large Iced Latté McCafé,$5.65
7664,McCafe Drinks,Espresso McCafé,$2.85
7677,McCafe Drinks,Macchiato McCafé,$2.85
7687,McCafe Drinks,Piccolo Latte,$3.60
7696,McCafe Drinks,Zoetic Earl Grey Tea,$3.90
7697,McCafe Drinks,Zoetic Green Tea,$3.90
7706,McCafe Drinks,Zoetic English Breakfast Tea,$3.90
7735,Desserts,Banana Bread,$4.50
7744,McCafe Drinks,Zoetic Peppermint Tea,$3.90
7836,Desserts,Blueberry Muffin,$3.80
7853,Desserts,Raisin Toast,$1.95
10011,McMuffins,Brekkie Bundle,$9.75
15046,"Shakes, Frappes & Smoothies",Medium Mixed Berry Smoothie,$4.55
15048,"Shakes, Frappes & Smoothies",Medium Tropical Smoothie,$4.55
15050,"Shakes, Frappes & Smoothies",Large Mixed Berry Smoothie,$5.00
15052,"Shakes, Frappes & Smoothies",Large Tropical Smoothie,$5.00
16000,Chicken & Fish,Crispy Chicken Deluxe Burger,$8.45
16004,Chicken & Fish,Grilled Chicken Deluxe Burger,$8.45
20207,Chicken & Fish,McSpicy Burger,$9.65
20234,Happy Meals,Hamburger Happy Meal,$1.85
20267,Wraps & Salads|Chicken & Fish,Classic Crispy Chicken Salad,$11.25
20268,Wraps & Salads|Chicken & Fish,Caesar Crispy Chicken Salad,$11.25
20269,Wraps & Salads,Garden Salad,$4.60
20272,Wraps & Salads|Chicken & Fish,Classic Grilled Chicken Salad,$11.25
20288,Wraps & Salads|Chicken & Fish,Caesar Grilled Chicken Salad,$11.25
20356,Chicken & Fish,Double McSpicy,$11.80
20376,Snacks & Fries|Chicken McNuggets|Chicken & Fish,Spicy McPieces - 6pc,$7.80
20417,Chicken & Fish,Cheese and Bacon McSpicy,$10.85
20444,Snacks & Fries|Wraps & Salads|Happy Meals,Carrot Sticks,$2.70
30004,Desserts,Plain Sundae (Small),$3.00
30008,Desserts,Plain Sundae (Large),$4.55
30040,Desserts,Cadbury® Caramilk® McFlurry,$5.50
35137,McCafe Drinks,Small Flavoured Iced Latté McCafé,$5.10
35138,McCafe Drinks,Medium Flavoured Iced Latté McCafé,$5.70
35139,McCafe Drinks,Large Flavoured Iced Latté McCafé,$6.35
35143,McCafe Drinks,Small Iced Mocha McCafé,$4.70
35144,McCafe Drinks,Medium Iced Mocha McCafé,$5.30
35145,McCafe Drinks,Large Iced Mocha McCafé,$5.95
35149,McCafe Drinks,Small Iced Chai Latte McCafé,$5.60
35150,McCafe Drinks,Medium Iced Chai Latte McCafé,$6.20
35151,McCafe Drinks,Large Iced Chai Latte McCafé,$6.85
