id,menu,name,price
1,McMuffins,Bacon & Egg McMuffin,$6.95
11,McMuffins,Sausage & Egg McMuffin,$7.30
21,McMuffins,Sausage McMuffin,$6.15
31,McMuffins,English McMuffin,$2.80
196,McMuffins,Double Bacon & Egg McMuffin,$7.95
200,McMuffins,Double Sausage & Egg McMuffin,$8.25
203,McMuffins,Double Sausage McMuffin,$7.10
281,McMuffins,Mighty McMuffin,$8.75
769,Snacks & Fries,Cheesy Toastie,$3.95
770,Snacks & Fries,Cheese & Tomato Toastie,$4.25
771,Snacks & Fries,Ham & Cheese Toastie,$4.45
772,Snacks & Fries,"Ham, Cheese & Tomato Toastie",$4.75
1502,"Shakes, Frappes & Smoothies",Small Chocolate Shake,$5.85
1503,Drinks,Medium Chocolate Shake,$6.70
1504,Drinks,Large Chocolate Shake,$7.40
1512,"Shakes, Frappes & Smoothies",Small Strawberry Shake,$5.85
1513,Drinks,Medium Strawberry Shake,$6.70
1514,Drinks,Large Strawberry Shake,$7.40
1522,"Shakes, Frappes & Smoothies",Small Vanilla Shake,$5.85
1523,Drinks,Medium Vanilla Shake,$6.70
1524,Drinks,Large Vanilla Shake,$7.40
2144,Snacks & Fries,Hash Brown,$3.25
2256,Beef,Classic Angus,$11.25
2313,Beef,BBQ Bacon Angus,$11.65
2501,Snacks & Fries|Beef,Hamburger,$4.40
2511,Snacks & Fries|Beef,Cheeseburger,$5.50
2521,Beef,Double Cheeseburger,$7.10
2531,Beef,Big Mac,$7.95
2541,Beef,Quarter Pounder,$8.60
2551,Beef,Double Quarter Pounder,$11.50
2571,Chicken & Fish,McChicken,$8.50
2581,Chicken & Fish,Filet-O-Fish,$7.60
2588,McMuffins,Big Brekkie Burger,$10.30
2606,Snacks & Fries|Chicken & Fish,Chicken 'n' Cheese,$4.50
3001,Snacks & Fries,Small Fries,$2.00
3002,Snacks & Fries,Medium Fries,$5.00
3003,Snacks & Fries,Large Fries,$5.45
3514,Drinks,Small Caramel Indulgent Shake,$6.25
3515,"Shakes, Frappes & Smoothies",Medium Caramel Indulgent Shake,$7.15
3519,Drinks,Large Caramel Indulgent Shake,$8.00
3601,Beef,Triple Cheeseburger,$9.65
4116,Beef,Wagyu Beef,$12.50
4265,Chicken & Fish,Double Filet-O-Fish,$9.20
4270,Chicken & Fish,Double McChicken,$10.50
4725,Beef,Double Big Mac,$11.40
4975,Wraps & Salads|Chicken & Fish,Caesar Crispy Chicken McWrap,$10.25
4981,Wraps & Salads|Chicken & Fish,Caesar Grilled Chicken McWrap,$10.25
5026,Chicken McNuggets|Chicken & Fish,Chicken McNuggets - 24pc,$11.95
5283,Wraps & Salads|Chicken & Fish,Aioli Crispy Chicken McWrap,$10.25
5321,Wraps & Salads|Chicken & Fish,Aioli Grilled Chicken McWrap,$10.25
5335,Snacks & Fries|Chicken McNuggets|Chicken & Fish,10pc Chicken McBites,$3.00
5469,Snacks & Fries|Chicken McNuggets|Chicken & Fish,Chicken McNuggets - 3pc,$5.20
5501,Desserts,Hot Fudge Sundae (Small),$4.55
5511,Desserts,Caramel Sundae (Small),$4.55
5521,Desserts,Strawberry Sundae (Small),$4.55
5531,Desserts,Plain Sundae (Small),$4.55
5581,Desserts,Large Hot Fudge Sundae,$5.95
5591,Desserts,Large Caramel Sundae,$5.95
5601,Desserts,Large Strawberry Sundae,$5.95
5611,Desserts,Large Plain Sundae,$5.95
5662,Desserts,Soft Serve Cone,$1.00
5666,Desserts,Soft Serve Cone with Cadbury® Flake®,$1.50
5738,Desserts,OREO® McFlurry,$4.00
5739,Desserts,M&M'S® MINIS McFlurry,$4.00
5771,Desserts,McFlurry with OREO® Cookie,$6.00
5811,Desserts,Hot Apple Pie,$3.75
5821,Snacks & Fries|Desserts,McDonaldland Cookies,$2.00
6582,Desserts,Warm Double Chocolate Cake,$4.95
6750,Snacks & Fries|Wraps & Salads|Chicken & Fish,Crispy Chicken Snack Wrap,$5.35
6760,Snacks & Fries|Wraps & Salads|Chicken & Fish,Grilled Chicken Snack Wrap,$5.35
7552,Desserts,Chocolate Flavoured Iced Donut,$2.60
7853,Desserts,Raisin Toast,$2.95
16000,Chicken & Fish,Crispy Chicken Deluxe Burger,$9.45
16004,Chicken & Fish,Grilled Chicken Deluxe Burger,$9.45
20207,Chicken & Fish,McSpicy Burger,$10.65
20267,Wraps & Salads|Chicken & Fish,Classic Crispy Chicken Salad,$12.25
20268,Wraps & Salads|Chicken & Fish,Caesar Crispy Chicken Salad,$12.25
20272,Wraps & Salads|Chicken & Fish,Classic Grilled Chicken Salad,$12.25
20288,Wraps & Salads|Chicken & Fish,Caesar Grilled Chicken Salad,$12.25
20356,Chicken & Fish,Double McSpicy,$12.80
20417,Chicken & Fish,Cheese and Bacon McSpicy,$11.85
20444,Snacks & Fries|Wraps & Salads,Carrot Sticks,$4.60
30040,Desserts,Cadbury® Caramilk® McFlurry,$6.00
35103,"Shakes, Frappes & Smoothies",Small Real Coffee Shake,$5.85
35104,Drinks,Medium Real Coffee Shake,$6.70
35105,Drinks,Large Real Coffee Shake,$7.40
