id,menu,name,price
1,McMuffins,Bacon & Egg McMuffin,$6.95
11,McMuffins,Sausage & Egg McMuffin,$7.30
21,McMuffins,Sausage McMuffin,$6.15
196,McMuffins,Double Bacon & Egg McMuffin,$7.95
200,McMuffins,Double Sausage & Egg McMuffin,$8.25
203,McMuffins,Double Sausage McMuffin,$7.10
281,McMuffins,Mighty McMuffin,$8.75
769,Snacks & Fries,Cheesy Toastie,$3.95
770,Snacks & Fries,Cheese & Tomato Toastie,$4.25
771,Snacks & Fries,Ham & Cheese Toastie,$4.45
772,Snacks & Fries,"Ham, Cheese & Tomato Toastie",$4.75
1502,"Shakes, Frappes & Smoothies",Small Chocolate Shake,$5.85
1503,"Shakes, Frappes & Smoothies",Medium Chocolate Shake,$6.70
1504,"Shakes, Frappes & Smoothies",Large Chocolate Shake,$7.40
1512,"Shakes, Frappes & Smoothies",Small Strawberry Shake,$5.85
1513,"Shakes, Frappes & Smoothies",Medium Strawberry Shake,$6.70
1514,"Shakes, Frappes & Smoothies",Large Strawberry Shake,$7.40
1522,"Shakes, Frappes & Smoothies",Small Vanilla Shake,$5.85
1523,"Shakes, Frappes & Smoothies",Medium Vanilla Shake,$6.70
1524,"Shakes, Frappes & Smoothies",Large Vanilla Shake,$7.40
2144,Snacks & Fries,Hash Brown,$3.25
2256,Beef,Classic Angus,$11.25
2313,Beef,BBQ Bacon Angus,$11.65
2501,Snacks & Fries|Beef,Hamburger,$4.40
2511,Snacks & Fries|Beef,Cheeseburger,$5.50
2521,Beef,Double Cheeseburger,$7.10
2531,Beef,Big Mac,$7.95
2541,Beef,Quarter Pounder,$8.60
2551,Beef,Double Quarter Pounder,$11.50
2571,Chicken & Fish,McChicken,$8.50
2581,Chicken & Fish,Filet-O-Fish,$7.60
2588,McMuffins,Big Brekkie Burger,$10.30
2606,Snacks & Fries|Chicken & Fish,Chicken 'n' Cheese,$4.50
2701,Snacks & Fries|Chicken McNuggets|Chicken & Fish,Chicken McNuggets - 6pc,$8.00
2721,Chicken McNuggets|Chicken & Fish,Chicken McNuggets - 20pc,$18.70
2731,Chicken McNuggets|Chicken & Fish,Chicken McNuggets - 10pc,$11.20
3001,Snacks & Fries,Small Fries,$2.00
3041,Snacks & Fries|Desserts,Apple Slices,$4.60
3514,"Shakes, Frappes & Smoothies",Small Caramel Indulgent Shake,$6.25
3515,"Shakes, Frappes & Smoothies",Medium Caramel Indulgent Shake,$7.15
3519,"Shakes, Frappes & Smoothies",Large Caramel Indulgent Shake,$8.00
3601,Beef,Triple Cheeseburger,$9.65
4246,McCafe Drinks,Small Iced Long Black - McCafé,$4.55
4247,McCafe Drinks,Medium Iced Long Black - McCafé,$5.35
4248,McCafe Drinks,Large Iced Long Black - McCafé,$5.85
4265,Chicken & Fish,Double Filet-O-Fish,$9.20
4270,Chicken & Fish,Double McChicken,$10.50
4407,"Shakes, Frappes & Smoothies",Medium Coffee Frappé,$6.50
4408,"Shakes, Frappes & Smoothies",Large Coffee Frappé,$6.95
4410,"Shakes, Frappes & Smoothies",Medium Chocolate Frappé,$6.50
4411,"Shakes, Frappes & Smoothies",Large Chocolate Frappé,$6.95
4422,"Shakes, Frappes & Smoothies",Medium Salted Caramel Frappé,$6.50
4423,"Shakes, Frappes & Smoothies",Large Salted Caramel Frappé,$6.95
4725,Beef,Double Big Mac,$11.40
4975,Wraps & Salads|Chicken & Fish,Caesar Crispy Chicken McWrap,$10.25
4981,Wraps & Salads|Chicken & Fish,Caesar Grilled Chicken McWrap,$10.25
5026,Chicken McNuggets|Chicken & Fish,Chicken McNuggets - 24pc,$11.95
5283,Wraps & Salads|Chicken & Fish,Aioli Crispy Chicken McWrap,$10.25
5321,Wraps & Salads|Chicken & Fish,Aioli Grilled Chicken McWrap,$10.25
5335,Snacks & Fries|Chicken McNuggets|Chicken & Fish,10pc Chicken McBites,$3.00
5469,Snacks & Fries|Chicken McNuggets|Chicken & Fish,Chicken McNuggets - 3pc,$5.20
5501,Desserts,Hot Fudge Sundae (Small),$4.55
5511,Desserts,Caramel Sundae (Small),$4.55
5521,Desserts,Strawberry Sundae (Small),$4.55
5581,Desserts,Large Hot Fudge Sundae,$5.95
5591,Desserts,Large Caramel Sundae,$5.95
5601,Desserts,Large Strawberry Sundae,$5.95
5662,Desserts,Soft Serve Cone,$1.00
5738,Desserts,OREO® McFlurry,$4.00
5739,Desserts,M&M'S® MINIS McFlurry,$4.00
5771,Desserts,McFlurry with OREO® Cookie,$6.00
5820,Snacks & Fries|Desserts,Hot Apple Pie,$3.75
5821,Snacks & Fries|Desserts,McDonaldland Cookies,$2.00
6397,Desserts,Salted Caramel Macaron,$1.95
6582,Desserts,Warm Double Chocolate Cake,$4.95
6750,Wraps & Salads|Snacks & Fries|Chicken & Fish,Crispy Chicken Snack Wrap,$5.35
6760,Wraps & Salads|Snacks & Fries|Chicken & Fish,Grilled Chicken Snack Wrap,$5.35
7131,McCafe Drinks,Babycino - McCafé,$2.00
7150,McCafe Drinks,Small Cappuccino McCafe,$4.55
7152,McCafe Drinks,Medium Cappuccino McCafe,$5.35
7189,McCafe Drinks,Large Cappuccino McCafe,$5.85
7222,Desserts,Chocolate Macaron,$1.95
7300,McCafe Drinks,Small Flat White McCafe,$4.55
7304,McCafe Drinks,Medium Flat White McCafe,$5.35
7309,McCafe Drinks,Large Flat White McCafe,$5.85
7313,McCafe Drinks,Small Latté McCafe,$4.55
7383,Desserts,Chocolate Mud Muffin,$3.45
7386,McCafe Drinks,Medium Latté McCafe,$5.35
7387,McCafe Drinks,Large Latté McCafe,$5.85
7389,McCafe Drinks,Small Mocha McCafe,$5.00
7390,McCafe Drinks,Medium Mocha McCafe,$5.75
7421,McCafe Drinks,Large Mocha McCafe,$6.40
7423,McCafe Drinks,Small Long Black McCafe,$4.55
7427,McCafe Drinks,Medium Long Black McCafe,$5.35
7430,McCafe Drinks,Large Long Black McCafe,$5.85
7443,McCafe Drinks,Small Hot Chocolate McCafé,$4.70
7444,McCafe Drinks,Medium Hot Chocolate McCafé,$5.20
7446,McCafe Drinks,Large Hot Chocolate McCafé,$5.90
7455,McCafe Drinks,Small Chai Latte McCafé,$4.55
7463,McCafe Drinks,Medium Chai Latte McCafé,$5.20
7493,McCafe Drinks,Large Chai Latte McCafé,$5.75
7506,McCafe Drinks,Small Iced Chocolate McCafé,$4.45
7507,McCafe Drinks,Medium Iced Chocolate McCafé,$4.75
7529,McCafe Drinks,Large Iced Chocolate McCafé,$5.30
7548,McCafe Drinks,Small Iced Latté McCafé,$4.55
7549,McCafe Drinks,Medium Iced Latté McCafé,$5.35
7552,Desserts,Chocolate Flavoured Iced Donut,$2.60
7589,McCafe Drinks,Large Iced Latté McCafé,$5.85
7664,McCafe Drinks,Espresso McCafé,$2.65
7677,McCafe Drinks,Macchiato McCafé,$2.65
7687,McCafe Drinks,Piccolo Latte,$3.35
7696,McCafe Drinks,Zoetic Earl Grey Tea,$4.30
7697,McCafe Drinks,Zoetic Green Tea,$4.30
7706,McCafe Drinks,Zoetic English Breakfast Tea,$4.30
7735,Desserts,Banana Bread,$4.50
7744,McCafe Drinks,Zoetic Peppermint Tea,$4.30
7836,Desserts,Blueberry Muffin,$3.45
7853,Desserts,Raisin Toast,$2.95
10011,McMuffins,Brekkie Bundle,$6.75
15046,"Shakes, Frappes & Smoothies",Medium Mixed Berry Smoothie,$5.80
15048,"Shakes, Frappes & Smoothies",Medium Tropical Smoothie,$5.80
15050,"Shakes, Frappes & Smoothies",Large Mixed Berry Smoothie,$6.25
15052,"Shakes, Frappes & Smoothies",Large Tropical Smoothie,$6.25
16000,Chicken & Fish,Crispy Chicken Deluxe Burger,$9.45
16004,Chicken & Fish,Grilled Chicken Deluxe Burger,$9.45
20207,Chicken & Fish,McSpicy Burger,$10.65
20267,Wraps & Salads|Chicken & Fish,Classic Crispy Chicken Salad,$12.25
20268,Wraps & Salads|Chicken & Fish,Caesar Crispy Chicken Salad,$12.25
20269,Wraps & Salads,Garden Salad,$5.85
20272,Wraps & Salads|Chicken & Fish,Classic Grilled Chicken Salad,$12.25
20288,Wraps & Salads|Chicken & Fish,Caesar Grilled Chicken Salad,$12.25
20356,Chicken & Fish,Double McSpicy,$12.80
20376,Snacks & Fries|Chicken McNuggets|Chicken & Fish,Spicy McPieces - 6pc,$8.95
20417,Chicken & Fish,Cheese and Bacon McSpicy,$11.85
20444,Wraps & Salads|Snacks & Fries,Carrot Sticks,$4.60
30004,Desserts,Plain Sundae (Small),$3.00
30008,Desserts,Plain Sundae (Large),$5.35
30040,Desserts,Cadbury® Caramilk® McFlurry,$6.00
35137,McCafe Drinks,Small Flavoured Iced Latté McCafé,$5.25
35138,McCafe Drinks,Medium Flavoured Iced Latté McCafé,$6.05
35139,McCafe Drinks,Large Flavoured Iced Latté McCafé,$6.55
35143,McCafe Drinks,Small Iced Mocha McCafé,$4.85
35144,McCafe Drinks,Medium Iced Mocha McCafé,$5.65
35145,McCafe Drinks,Large Iced Mocha McCafé,$6.15
35149,McCafe Drinks,Small Iced Chai Latte McCafé,$5.75
35150,McCafe Drinks,Medium Iced Chai Latte McCafé,$6.55
35151,McCafe Drinks,Large Iced Chai Latte McCafé,$7.05
