id,menu,name,price
1,McMuffins,Bacon & Egg McMuffin,$5.15
11,McMuffins,Sausage & Egg McMuffin,$5.20
21,McMuffins,Sausage McMuffin,$4.75
196,McMuffins,Double Bacon & Egg McMuffin,$6.35
200,McMuffins,Double Sausage & Egg McMuffin,$6.10
203,McMuffins,Double Sausage McMuffin,$5.65
281,McMuffins,Mighty McMuffin,$6.25
769,Snacks & Fries,Cheesy Toastie,$4.30
770,Snacks & Fries,Cheese & Tomato Toastie,$4.30
771,Snacks & Fries,Ham & Cheese Toastie,$4.80
772,Snacks & Fries,"Ham, Cheese & Tomato Toastie",$5.30
1502,"Shakes, Frappes & Smoothies",Small Chocolate Shake,$4.75
1503,"Shakes, Frappes & Smoothies",Medium Chocolate Shake,$5.25
1504,"Shakes, Frappes & Smoothies",Large Chocolate Shake,$6.10
1512,"Shakes, Frappes & Smoothies",Small Strawberry Shake,$4.75
1513,"Shakes, Frappes & Smoothies",Medium Strawberry Shake,$5.25
1514,"Shakes, Frappes & Smoothies",Large Strawberry Shake,$6.10
1522,"Shakes, Frappes & Smoothies",Small Vanilla Shake,$4.75
1523,"Shakes, Frappes & Smoothies",Medium Vanilla Shake,$5.25
1524,"Shakes, Frappes & Smoothies",Large Vanilla Shake,$6.10
2144,Snacks & Fries,Hash Brown,$2.80
2256,Beef,Classic Angus,$9.00
2313,Beef,BBQ Bacon Angus,$9.70
2501,Snacks & Fries|Beef,Hamburger,$3.35
2511,Snacks & Fries|Beef,Cheeseburger,$4.20
2521,Beef,Double Cheeseburger,$5.80
2531,Beef,Big Mac,$6.75
2541,Beef,Quarter Pounder,$7.35
2551,Beef,Double Quarter Pounder,$9.10
2571,Chicken & Fish,McChicken,$6.85
2581,Chicken & Fish,Filet-O-Fish,$6.10
2588,McMuffins,Big Brekkie Burger,$7.90
2606,Snacks & Fries|Chicken & Fish,Chicken 'n' Cheese,$4.00
2701,Snacks & Fries|Chicken McNuggets|Chicken & Fish,Chicken McNuggets - 6pc,$6.80
2721,Chicken McNuggets|Chicken & Fish,Chicken McNuggets - 20pc,$15.60
2731,Chicken McNuggets|Chicken & Fish,Chicken McNuggets - 10pc,$9.30
3001,Snacks & Fries,Small Fries,$2.00
3041,Snacks & Fries|Desserts,Apple Slices,$3.00
3514,"Shakes, Frappes & Smoothies",Small Caramel Indulgent Shake,$5.65
3515,"Shakes, Frappes & Smoothies",Medium Caramel Indulgent Shake,$6.15
3519,"Shakes, Frappes & Smoothies",Large Caramel Indulgent Shake,$6.95
3601,Beef,Triple Cheeseburger,$7.45
4246,McCafe Drinks,Small Iced Long Black - McCafé,$4.70
4247,McCafe Drinks,Medium Iced Long Black - McCafé,$5.35
4248,McCafe Drinks,Large Iced Long Black - McCafé,$5.95
4265,Chicken & Fish,Double Filet-O-Fish,$7.70
4270,Chicken & Fish,Double McChicken,$8.85
4407,"Shakes, Frappes & Smoothies",Medium Coffee Frappé,$6.35
4408,"Shakes, Frappes & Smoothies",Large Coffee Frappé,$7.10
4410,"Shakes, Frappes & Smoothies",Medium Chocolate Frappé,$6.35
4411,"Shakes, Frappes & Smoothies",Large Chocolate Frappé,$7.10
4422,"Shakes, Frappes & Smoothies",Medium Salted Caramel Frappé,$6.35
4423,"Shakes, Frappes & Smoothies",Large Salted Caramel Frappé,$7.10
4725,Beef,Double Big Mac,$8.75
4975,Wraps & Salads|Chicken & Fish,Caesar Crispy Chicken McWrap,$8.60
4981,Wraps & Salads|Chicken & Fish,Caesar Grilled Chicken McWrap,$8.60
5026,Chicken McNuggets|Chicken & Fish,Chicken McNuggets - 24pc,$11.95
5283,Wraps & Salads|Chicken & Fish,Aioli Crispy Chicken McWrap,$8.60
5321,Wraps & Salads|Chicken & Fish,Aioli Grilled Chicken McWrap,$8.60
5335,Snacks & Fries|Chicken McNuggets|Chicken & Fish,10pc Chicken McBites,$3.00
5469,Snacks & Fries|Chicken McNuggets|Chicken & Fish,Chicken McNuggets - 3pc,$4.45
5501,Desserts,Hot Fudge Sundae (Small),$4.20
5511,Desserts,Caramel Sundae (Small),$4.20
5521,Desserts,Strawberry Sundae (Small),$4.20
5581,Desserts,Large Hot Fudge Sundae,$5.40
5591,Desserts,Large Caramel Sundae,$5.40
5601,Desserts,Large Strawberry Sundae,$5.40
5662,Desserts,Soft Serve Cone,$0.80
5738,Desserts,OREO® McFlurry,$4.00
5739,Desserts,M&M'S® MINIS McFlurry,$4.00
5771,Desserts,McFlurry with OREO® Cookie,$5.65
5820,Snacks & Fries|Desserts,Hot Apple Pie,$2.85
5821,Snacks & Fries|Desserts,McDonaldland Cookies,$1.65
6397,Desserts,Salted Caramel Macaron,$1.95
6582,Desserts,Warm Double Chocolate Cake,$4.25
6750,Wraps & Salads|Snacks & Fries|Chicken & Fish,Crispy Chicken Snack Wrap,$4.30
6760,Wraps & Salads|Snacks & Fries|Chicken & Fish,Grilled Chicken Snack Wrap,$4.30
7131,McCafe Drinks,Babycino - McCafé,$0.95
7150,McCafe Drinks,Small Cappuccino McCafe,$4.55
7152,McCafe Drinks,Medium Cappuccino McCafe,$4.95
7189,McCafe Drinks,Large Cappuccino McCafe,$5.60
7222,Desserts,Chocolate Macaron,$1.95
7300,McCafe Drinks,Small Flat White McCafe,$4.55
7304,McCafe Drinks,Medium Flat White McCafe,$4.95
7309,McCafe Drinks,Large Flat White McCafe,$5.60
7313,McCafe Drinks,Small Latté McCafe,$4.55
7383,Desserts,Chocolate Mud Muffin,$3.50
7386,McCafe Drinks,Medium Latté McCafe,$4.95
7387,McCafe Drinks,Large Latté McCafe,$5.60
7389,McCafe Drinks,Small Mocha McCafe,$4.70
7390,McCafe Drinks,Medium Mocha McCafe,$5.25
7421,McCafe Drinks,Large Mocha McCafe,$5.75
7423,McCafe Drinks,Small Long Black McCafe,$4.55
7427,McCafe Drinks,Medium Long Black McCafe,$4.95
7430,McCafe Drinks,Large Long Black McCafe,$5.60
7443,McCafe Drinks,Small Hot Chocolate McCafé,$4.50
7444,McCafe Drinks,Medium Hot Chocolate McCafé,$5.10
7446,McCafe Drinks,Large Hot Chocolate McCafé,$5.50
7455,McCafe Drinks,Small Chai Latte McCafé,$4.25
7463,McCafe Drinks,Medium Chai Latte McCafé,$4.60
7493,McCafe Drinks,Large Chai Latte McCafé,$5.15
7506,McCafe Drinks,Small Iced Chocolate McCafé,$4.60
7507,McCafe Drinks,Medium Iced Chocolate McCafé,$5.10
7529,McCafe Drinks,Large Iced Chocolate McCafé,$5.50
7548,McCafe Drinks,Small Iced Latté McCafé,$4.70
7549,McCafe Drinks,Medium Iced Latté McCafé,$5.50
7552,Desserts,Chocolate Flavoured Iced Donut,$3.10
7589,McCafe Drinks,Large Iced Latté McCafé,$5.95
7664,McCafe Drinks,Espresso McCafé,$3.00
7677,McCafe Drinks,Macchiato McCafé,$3.00
7687,McCafe Drinks,Piccolo Latte,$3.30
7696,McCafe Drinks,Zoetic Earl Grey Tea,$3.90
7697,McCafe Drinks,Zoetic Green Tea,$3.90
7706,McCafe Drinks,Zoetic English Breakfast Tea,$3.90
7735,Desserts,Banana Bread,$4.00
7744,McCafe Drinks,Zoetic Peppermint Tea,$3.90
7836,Desserts,Blueberry Muffin,$3.50
7853,Desserts,Raisin Toast,$2.10
10011,McMuffins,Brekkie Bundle,$8.35
15046,"Shakes, Frappes & Smoothies",Medium Mixed Berry Smoothie,$5.65
15048,"Shakes, Frappes & Smoothies",Medium Tropical Smoothie,$5.65
15050,"Shakes, Frappes & Smoothies",Large Mixed Berry Smoothie,$6.40
15052,"Shakes, Frappes & Smoothies",Large Tropical Smoothie,$6.40
16000,Chicken & Fish,Crispy Chicken Deluxe Burger,$7.80
16004,Chicken & Fish,Grilled Chicken Deluxe Burger,$7.80
20207,Chicken & Fish,McSpicy Burger,$9.00
20267,Wraps & Salads|Chicken & Fish,Classic Crispy Chicken Salad,$10.60
20268,Wraps & Salads|Chicken & Fish,Caesar Crispy Chicken Salad,$10.60
20269,Wraps & Salads,Garden Salad,$4.50
20272,Wraps & Salads|Chicken & Fish,Classic Grilled Chicken Salad,$10.60
20288,Wraps & Salads|Chicken & Fish,Caesar Grilled Chicken Salad,$10.60
20356,Chicken & Fish,Double McSpicy,$11.15
20376,Snacks & Fries|Chicken McNuggets|Chicken & Fish,Spicy McPieces - 6pc,$7.70
20417,Chicken & Fish,Cheese and Bacon McSpicy,$10.20
20444,Wraps & Salads|Snacks & Fries,Carrot Sticks,$3.00
30004,Desserts,Plain Sundae (Small),$3.00
30008,Desserts,Plain Sundae (Large),$5.25
30040,Desserts,Cadbury® Caramilk® McFlurry,$5.65
35137,McCafe Drinks,Small Flavoured Iced Latté McCafé,$5.40
35138,McCafe Drinks,Medium Flavoured Iced Latté McCafé,$6.20
35139,McCafe Drinks,Large Flavoured Iced Latté McCafé,$6.65
35143,McCafe Drinks,Small Iced Mocha McCafé,$5.00
35144,McCafe Drinks,Medium Iced Mocha McCafé,$5.80
35145,McCafe Drinks,Large Iced Mocha McCafé,$6.25
35149,McCafe Drinks,Small Iced Chai Latte McCafé,$5.90
35150,McCafe Drinks,Medium Iced Chai Latte McCafé,$6.70
35151,McCafe Drinks,Large Iced Chai Latte McCafé,$7.15
