id,menu,name,price
1,McMuffins,Bacon & Egg McMuffin,$5.00
11,McMuffins,Sausage & Egg McMuffin,$5.25
21,McMuffins,Sausage McMuffin,$4.60
31,McMuffins,English McMuffin,$2.85
196,McMuffins,Double Bacon & Egg McMuffin,$6.00
200,McMuffins,Double Sausage & Egg McMuffin,$6.15
203,McMuffins,Double Sausage McMuffin,$5.50
281,McMuffins,Mighty McMuffin,$5.95
769,Snacks & Fries,Cheesy Toastie,$4.00
770,Snacks & Fries,Cheese & Tomato Toastie,$4.00
771,Snacks & Fries,Ham & Cheese Toastie,$4.50
772,Snacks & Fries,"Ham, Cheese & Tomato Toastie",$5.00
2144,Snacks & Fries,Hash Brown,$2.35
2256,Beef,Classic Angus,$8.80
2313,Beef,BBQ Bacon Angus,$9.75
2501,Snacks & Fries|Beef,Hamburger,$3.25
2511,Snacks & Fries|Beef,Cheeseburger,$3.95
2521,Beef,Double Cheeseburger,$5.70
2531,Beef,Big Mac,$6.60
2541,Beef,Quarter Pounder,$6.95
2551,Beef,Double Quarter Pounder,$8.80
2571,Chicken & Fish,McChicken,$6.60
2581,Chicken & Fish,Filet-O-Fish,$5.55
2588,McMuffins,Big Brekkie Burger,$7.55
2606,Snacks & Fries|Chicken & Fish,Chicken 'n' Cheese,$4.00
3001,Snacks & Fries,Small Fries,$2.00
3002,Snacks & Fries,Medium Fries,$3.10
3003,Snacks & Fries,Large Fries,$3.55
3601,Beef,Triple Cheeseburger,$7.10
4116,Beef,Wagyu Beef ,$10.05
4265,Chicken & Fish,Double Filet-O-Fish,$7.15
4270,Chicken & Fish,Double McChicken,$8.50
4725,Beef,Double Big Mac,$8.80
4975,Wraps & Salads|Chicken & Fish,Caesar Crispy Chicken McWrap,$8.45
4981,Wraps & Salads|Chicken & Fish,Caesar Grilled Chicken McWrap,$8.45
5026,Chicken McNuggets|Chicken & Fish,Chicken McNuggets - 24pc,$11.95
5283,Wraps & Salads|Chicken & Fish,Aioli Crispy Chicken McWrap,$8.45
5321,Wraps & Salads|Chicken & Fish,Aioli Grilled Chicken McWrap,$8.45
5335,Snacks & Fries|Chicken McNuggets|Chicken & Fish,10pc Chicken McBites,$3.00
5469,Snacks & Fries|Chicken McNuggets|Chicken & Fish,Chicken McNuggets - 3pc,$4.35
5501,Desserts,Hot Fudge Sundae,$3.60
5511,Desserts,Caramel Sundae,$3.60
5521,Desserts,Strawberry Sundae,$3.60
5531,Desserts,Plain Sundae,$3.60
5662,Desserts,Soft Serve Cone,$0.75
5666,Desserts,Soft Serve Cone with Cadbury® Flake®,$1.20
5738,Desserts,OREO® McFlurry,$4.00
5739,Desserts,M&M'S® MINIS McFlurry,$4.00
5771,Desserts,McFlurry with OREO® Cookie,$5.15
5811,Desserts,Hot Apple Pie,$1.50
5821,Snacks & Fries|Desserts,McDonaldland Cookies,$1.30
6582,Desserts,Warm Double Chocolate Cake,$4.25
6750,Snacks & Fries|Wraps & Salads|Chicken & Fish,Crispy Chicken Snack Wrap,$4.00
6760,Snacks & Fries|Wraps & Salads|Chicken & Fish,Grilled Chicken Snack Wrap,$4.00
7552,Desserts,Chocolate Flavoured Iced Donut,$3.10
7853,Desserts,Raisin Toast,$2.00
8574,Desserts,Soft Serve Cone & Cadbury® Flake®,$1.00
16000,Chicken & Fish,Crispy Chicken Deluxe Burger,$7.65
16004,Chicken & Fish,Grilled Chicken Deluxe Burger,$7.65
20207,Chicken & Fish,McSpicy Burger,$8.80
20267,Wraps & Salads|Chicken & Fish,Classic Crispy Chicken Salad,$10.35
20268,Wraps & Salads|Chicken & Fish,Caesar Crispy Chicken Salad,$10.35
20272,Wraps & Salads|Chicken & Fish,Classic Grilled Chicken Salad,$10.35
20288,Wraps & Salads|Chicken & Fish,Caesar Grilled Chicken Salad,$10.35
20356,Chicken & Fish,Double McSpicy ,$10.95
20417,Chicken & Fish,Cheese and Bacon McSpicy ,$10.00
20444,Snacks & Fries|Wraps & Salads,Carrot Sticks,$2.50
30040,Desserts,Cadbury® Caramilk® McFlurry,$5.15
