id,menu,name,price
1,McMuffins,Bacon & Egg McMuffin,$5.15
11,McMuffins,Sausage & Egg McMuffin,$5.55
21,McMuffins,Sausage McMuffin,$4.70
196,McMuffins,Double Bacon & Egg McMuffin,$6.15
200,McMuffins,Double Sausage & Egg McMuffin,$6.35
203,McMuffins,Double Sausage McMuffin,$5.60
281,McMuffins,Mighty McMuffin,$6.00
769,Snacks & Fries,Cheesy Toastie,$4.15
770,Snacks & Fries,Cheese & Tomato Toastie,$4.15
771,Snacks & Fries,Ham & Cheese Toastie,$4.65
772,Snacks & Fries,"Ham, Cheese & Tomato Toastie",$5.15
1502,"Shakes, Frappes & Smoothies",Small Chocolate Shake,$4.30
1503,"Shakes, Frappes & Smoothies",Medium Chocolate Shake,$5.00
1504,"Shakes, Frappes & Smoothies",Large Chocolate Shake,$5.60
1512,"Shakes, Frappes & Smoothies",Small Strawberry Shake,$4.30
1513,"Shakes, Frappes & Smoothies",Medium Strawberry Shake,$5.00
1514,"Shakes, Frappes & Smoothies",Large Strawberry Shake,$5.60
1522,"Shakes, Frappes & Smoothies",Small Vanilla Shake,$4.30
1523,"Shakes, Frappes & Smoothies",Medium Vanilla Shake,$5.00
1524,"Shakes, Frappes & Smoothies",Large Vanilla Shake,$5.60
2144,Snacks & Fries,Hash Brown,$2.40
2256,Beef,Classic Angus,$9.00
2313,Beef,BBQ Bacon Angus,$10.00
2501,Snacks & Fries|Beef,Hamburger,$3.25
2511,Snacks & Fries|Beef,Cheeseburger,$4.00
2521,Beef,Double Cheeseburger,$5.65
2531,Beef,Big Mac,$6.70
2541,Beef,Quarter Pounder,$7.20
2551,Beef,Double Quarter Pounder,$8.85
2571,Chicken & Fish,McChicken,$7.00
2581,Chicken & Fish,Filet-O-Fish,$5.80
2588,McMuffins,Big Brekkie Burger,$7.20
2606,Snacks & Fries|Chicken & Fish,Chicken 'n' Cheese,$4.00
2701,Snacks & Fries|Chicken McNuggets|Chicken & Fish,Chicken McNuggets - 6pc,$6.55
2721,Chicken McNuggets|Chicken & Fish,Chicken McNuggets - 20pc,$13.90
2731,Chicken McNuggets|Chicken & Fish,Chicken McNuggets - 10pc,$8.65
3001,Snacks & Fries,Small Fries,$2.00
3041,Snacks & Fries|Desserts,Apple Slices,$2.45
3514,"Shakes, Frappes & Smoothies",Small Caramel Indulgent Shake,$5.25
3515,"Shakes, Frappes & Smoothies",Medium Caramel Indulgent Shake,$5.90
3519,"Shakes, Frappes & Smoothies",Large Caramel Indulgent Shake,$6.45
3601,Beef,Triple Cheeseburger,$7.30
4246,McCafe Drinks,Small Iced Long Black - McCafé,$4.25
4247,McCafe Drinks,Medium Iced Long Black - McCafé,$4.95
4248,McCafe Drinks,Large Iced Long Black - McCafé,$5.55
4265,Chicken & Fish,Double Filet-O-Fish,$7.40
4270,Chicken & Fish,Double McChicken,$9.00
4407,"Shakes, Frappes & Smoothies",Medium Coffee Frappé,$5.00
4408,"Shakes, Frappes & Smoothies",Large Coffee Frappé,$5.45
4410,"Shakes, Frappes & Smoothies",Medium Chocolate Frappé,$5.00
4411,"Shakes, Frappes & Smoothies",Large Chocolate Frappé,$5.45
4422,"Shakes, Frappes & Smoothies",Medium Salted Caramel Frappé,$5.00
4423,"Shakes, Frappes & Smoothies",Large Salted Caramel Frappé,$5.45
4725,Beef,Double Big Mac,$8.60
4975,Wraps & Salads|Chicken & Fish,Caesar Crispy Chicken McWrap,$8.75
4981,Wraps & Salads|Chicken & Fish,Caesar Grilled Chicken McWrap,$8.75
5026,Chicken McNuggets|Chicken & Fish,Chicken McNuggets - 24pc,$11.95
5283,Wraps & Salads|Chicken & Fish,Aioli Crispy Chicken McWrap,$8.75
5321,Wraps & Salads|Chicken & Fish,Aioli Grilled Chicken McWrap,$8.75
5335,Snacks & Fries|Chicken McNuggets|Chicken & Fish,10pc Chicken McBites,$3.00
5469,Snacks & Fries|Chicken McNuggets|Chicken & Fish,Chicken McNuggets - 3pc,$4.65
5501,Desserts,Hot Fudge Sundae (Small),$3.90
5511,Desserts,Caramel Sundae (Small),$3.90
5521,Desserts,Strawberry Sundae (Small),$3.90
5581,Desserts,Large Hot Fudge Sundae,$4.95
5591,Desserts,Large Caramel Sundae,$4.95
5601,Desserts,Large Strawberry Sundae,$4.95
5662,Desserts,Soft Serve Cone,$0.80
5738,Desserts,OREO® McFlurry,$4.00
5739,Desserts,M&M'S® MINIS McFlurry,$4.00
5771,Desserts,McFlurry with OREO® Cookie,$5.30
5820,Snacks & Fries|Desserts,Hot Apple Pie,$2.85
5821,Snacks & Fries|Desserts,McDonaldland Cookies,$1.40
6397,Desserts,Salted Caramel Macaron,$2.10
6582,Desserts,Warm Double Chocolate Cake,$4.30
6750,Wraps & Salads|Snacks & Fries|Chicken & Fish,Crispy Chicken Snack Wrap,$4.00
6760,Wraps & Salads|Snacks & Fries|Chicken & Fish,Grilled Chicken Snack Wrap,$4.00
7131,McCafe Drinks,Babycino - McCafé,$1.15
7150,McCafe Drinks,Small Cappuccino McCafe,$4.15
7152,McCafe Drinks,Medium Cappuccino McCafe,$4.90
7189,McCafe Drinks,Large Cappuccino McCafe,$5.45
7222,Desserts,Chocolate Macaron,$2.10
7300,McCafe Drinks,Small Flat White McCafe,$4.15
7304,McCafe Drinks,Medium Flat White McCafe,$4.90
7309,McCafe Drinks,Large Flat White McCafe,$5.45
7313,McCafe Drinks,Small Latté McCafe,$4.15
7383,Desserts,Chocolate Mud Muffin,$3.65
7386,McCafe Drinks,Medium Latté McCafe,$4.90
7387,McCafe Drinks,Large Latté McCafe,$5.45
7389,McCafe Drinks,Small Mocha McCafe,$4.40
7390,McCafe Drinks,Medium Mocha McCafe,$5.10
7421,McCafe Drinks,Large Mocha McCafe,$5.55
7423,McCafe Drinks,Small Long Black McCafe,$4.15
7427,McCafe Drinks,Medium Long Black McCafe,$4.90
7430,McCafe Drinks,Large Long Black McCafe,$5.45
7443,McCafe Drinks,Small Hot Chocolate McCafé,$4.00
7444,McCafe Drinks,Medium Hot Chocolate McCafé,$4.20
7446,McCafe Drinks,Large Hot Chocolate McCafé,$4.80
7455,McCafe Drinks,Small Chai Latte McCafé,$3.85
7463,McCafe Drinks,Medium Chai Latte McCafé,$4.25
7493,McCafe Drinks,Large Chai Latte McCafé,$4.60
7506,McCafe Drinks,Small Iced Chocolate McCafé,$4.00
7507,McCafe Drinks,Medium Iced Chocolate McCafé,$4.20
7529,McCafe Drinks,Large Iced Chocolate McCafé,$4.80
7548,McCafe Drinks,Small Iced Latté McCafé,$4.25
7549,McCafe Drinks,Medium Iced Latté McCafé,$4.60
7552,Desserts,Chocolate Flavoured Iced Donut,$3.10
7589,McCafe Drinks,Large Iced Latté McCafé,$5.45
7664,McCafe Drinks,Espresso McCafé,$2.75
7677,McCafe Drinks,Macchiato McCafé,$2.75
7687,McCafe Drinks,Piccolo Latte,$2.95
7696,McCafe Drinks,Zoetic Earl Grey Tea,$3.70
7697,McCafe Drinks,Zoetic Green Tea,$3.70
7706,McCafe Drinks,Zoetic English Breakfast Tea,$3.70
7735,Desserts,Banana Bread,$4.00
7744,McCafe Drinks,Zoetic Peppermint Tea,$3.70
7836,Desserts,Blueberry Muffin,$3.65
7853,Desserts,Raisin Toast,$2.00
10011,McMuffins,Brekkie Bundle,$10.55
15046,"Shakes, Frappes & Smoothies",Medium Mixed Berry Smoothie,$4.30
15048,"Shakes, Frappes & Smoothies",Medium Tropical Smoothie,$4.30
15050,"Shakes, Frappes & Smoothies",Large Mixed Berry Smoothie,$4.75
15052,"Shakes, Frappes & Smoothies",Large Tropical Smoothie,$4.75
16000,Chicken & Fish,Crispy Chicken Deluxe Burger,$7.95
16004,Chicken & Fish,Grilled Chicken Deluxe Burger,$7.95
20207,Chicken & Fish,McSpicy Burger,$9.15
20267,Wraps & Salads|Chicken & Fish,Classic Crispy Chicken Salad,$10.75
20268,Wraps & Salads|Chicken & Fish,Caesar Crispy Chicken Salad,$10.75
20269,Wraps & Salads,Garden Salad,$4.15
20272,Wraps & Salads|Chicken & Fish,Classic Grilled Chicken Salad,$10.75
20288,Wraps & Salads|Chicken & Fish,Caesar Grilled Chicken Salad,$10.75
20356,Chicken & Fish,Double McSpicy,$11.30
20376,Snacks & Fries|Chicken McNuggets|Chicken & Fish,Spicy McPieces - 6pc,$7.45
20417,Chicken & Fish,Cheese and Bacon McSpicy,$10.35
20444,Wraps & Salads|Snacks & Fries,Carrot Sticks,$2.45
30004,Desserts,Plain Sundae (Small),$3.00
30008,Desserts,Plain Sundae (Large),$4.75
30040,Desserts,Cadbury® Caramilk® McFlurry,$5.30
35137,McCafe Drinks,Small Flavoured Iced Latté McCafé,$4.95
35138,McCafe Drinks,Medium Flavoured Iced Latté McCafé,$5.30
35139,McCafe Drinks,Large Flavoured Iced Latté McCafé,$6.15
35143,McCafe Drinks,Small Iced Mocha McCafé,$4.55
35144,McCafe Drinks,Medium Iced Mocha McCafé,$4.90
35145,McCafe Drinks,Large Iced Mocha McCafé,$5.75
35149,McCafe Drinks,Small Iced Chai Latte McCafé,$5.45
35150,McCafe Drinks,Medium Iced Chai Latte McCafé,$5.80
35151,McCafe Drinks,Large Iced Chai Latte McCafé,$6.65
