id,menu,name,price
1,McMuffins,Bacon & Egg McMuffin,$5.10
11,McMuffins,Sausage & Egg McMuffin,$5.25
21,McMuffins,Sausage McMuffin,$4.40
31,McMuffins,English McMuffin,$2.60
196,McMuffins,Double Bacon & Egg McMuffin,$6.10
200,McMuffins,Double Sausage & Egg McMuffin,$6.15
203,McMuffins,Double Sausage McMuffin,$5.30
281,McMuffins,Mighty McMuffin,$5.80
769,Snacks & Fries,Cheesy Toastie,$4.00
770,Snacks & Fries,Cheese & Tomato Toastie,$4.00
771,Snacks & Fries,Ham & Cheese Toastie,$4.50
772,Snacks & Fries,"Ham, Cheese & Tomato Toastie",$5.00
2144,Snacks & Fries,Hash Brown,$2.35
2256,Beef,Classic Angus,$9.10
2313,Beef,BBQ Bacon Angus,$10.10
2501,Snacks & Fries|Beef,Hamburger,$3.30
2511,Snacks & Fries|Beef,Cheeseburger,$3.90
2521,Beef,Double Cheeseburger,$5.65
2531,Beef,Big Mac,$6.60
2541,Beef,Quarter Pounder,$6.95
2551,Beef,Double Quarter Pounder,$8.80
2571,Chicken & Fish,McChicken,$6.50
2581,Chicken & Fish,Filet-O-Fish,$5.60
2588,McMuffins,Big Brekkie Burger,$7.65
2606,Snacks & Fries|Chicken & Fish,Chicken 'n' Cheese,$4.00
3001,Snacks & Fries,Small Fries,$2.00
3002,Snacks & Fries,Medium Fries,$3.15
3003,Snacks & Fries,Large Fries,$3.80
3601,Beef,Triple Cheeseburger,$7.00
4116,Beef,Wagyu Beef ,$10.35
4265,Chicken & Fish,Double Filet-O-Fish,$7.20
4270,Chicken & Fish,Double McChicken,$8.40
4725,Beef,Double Big Mac,$8.85
4975,Chicken & Fish|Wraps & Salads,Caesar Crispy Chicken McWrap,$8.35
4981,Chicken & Fish|Wraps & Salads,Caesar Grilled Chicken McWrap,$8.35
5026,Chicken & Fish|Chicken McNuggets,Chicken McNuggets - 24pc,$11.95
5283,Chicken & Fish|Wraps & Salads,Aioli Crispy Chicken McWrap,$8.35
5321,Chicken & Fish|Wraps & Salads,Aioli Grilled Chicken McWrap,$8.35
5335,Snacks & Fries|Chicken & Fish|Chicken McNuggets,10pc Chicken McBites,$3.00
5469,Snacks & Fries|Chicken & Fish|Chicken McNuggets,Chicken McNuggets - 3pc,$4.30
5666,Desserts,Soft Serve Cone with Cadbury® Flake®,$1.20
5738,Desserts,OREO® McFlurry,$4.00
5739,Desserts,M&M'S® MINIS McFlurry,$4.00
5771,Desserts,McFlurry with OREO® Cookie,$5.10
5811,Desserts,Hot Apple Pie,$1.50
5821,Desserts|Snacks & Fries,McDonaldland Cookies,$1.30
6582,Desserts,Warm Double Chocolate Cake,$4.25
6750,Snacks & Fries|Chicken & Fish|Wraps & Salads,Crispy Chicken Snack Wrap,$3.90
6760,Snacks & Fries|Chicken & Fish|Wraps & Salads,Grilled Chicken Snack Wrap,$3.90
7552,Desserts,Chocolate Flavoured Iced Donut,$3.10
7853,Desserts,Raisin Toast,$2.00
8574,Desserts,Soft Serve Cone & Cadbury® Flake®,$1.00
16000,Chicken & Fish,Crispy Chicken Deluxe Burger,$7.55
16004,Chicken & Fish,Grilled Chicken Deluxe Burger,$7.55
20207,Chicken & Fish,McSpicy Burger,$8.75
20267,Chicken & Fish|Wraps & Salads,Classic Crispy Chicken Salad,$10.25
20268,Chicken & Fish|Wraps & Salads,Caesar Crispy Chicken Salad,$10.25
20272,Chicken & Fish|Wraps & Salads,Classic Grilled Chicken Salad,$10.25
20288,Chicken & Fish|Wraps & Salads,Caesar Grilled Chicken Salad,$10.25
20356,Chicken & Fish,Double McSpicy ,$10.90
20417,Chicken & Fish,Cheese and Bacon McSpicy ,$9.95
20444,Snacks & Fries|Wraps & Salads,Carrot Sticks,$2.45
30040,Desserts,Cadbury® Caramilk® McFlurry,$5.10
