id,menu,name,price
1,McMuffins,Bacon & Egg McMuffin,$5.30
11,McMuffins,Sausage & Egg McMuffin,$5.65
21,McMuffins,Sausage McMuffin,$4.70
31,McMuffins,English McMuffin,$3.00
196,McMuffins,Double Bacon & Egg McMuffin,$6.30
200,McMuffins,Double Sausage & Egg McMuffin,$6.40
203,McMuffins,Double Sausage McMuffin,$5.60
281,McMuffins,Mighty McMuffin,$6.20
769,Snacks & Fries,Cheesy Toastie,$4.20
770,Snacks & Fries,Cheese & Tomato Toastie,$4.20
771,Snacks & Fries,Ham & Cheese Toastie,$4.70
772,Snacks & Fries,"Ham, Cheese & Tomato Toastie",$5.20
1502,"Shakes, Frappes & Smoothies",Small Chocolate Shake,$4.40
1503,"Shakes, Frappes & Smoothies",Medium Chocolate Shake,$5.20
1504,"Shakes, Frappes & Smoothies",Large Chocolate Shake,$6.00
1512,"Shakes, Frappes & Smoothies",Small Strawberry Shake,$4.40
1513,"Shakes, Frappes & Smoothies",Medium Strawberry Shake,$5.20
1514,"Shakes, Frappes & Smoothies",Large Strawberry Shake,$6.00
1522,"Shakes, Frappes & Smoothies",Small Vanilla Shake,$4.40
1523,"Shakes, Frappes & Smoothies",Medium Vanilla Shake,$5.20
1524,"Shakes, Frappes & Smoothies",Large Vanilla Shake,$6.00
2144,Snacks & Fries,Hash Brown,$2.25
2256,Beef,Classic Angus,$9.10
2313,Beef,BBQ Bacon Angus,$9.40
2501,Beef|Snacks & Fries,Hamburger,$3.25
2511,Beef|Snacks & Fries,Cheeseburger,$4.20
2521,Beef,Double Cheeseburger,$5.75
2531,Beef,Big Mac,$6.95
2541,Beef,Quarter Pounder,$7.35
2551,Beef,Double Quarter Pounder,$9.30
2571,Chicken & Fish,McChicken,$6.90
2581,Chicken & Fish,Filet-O-Fish,$6.25
2588,McMuffins,Big Brekkie Burger,$7.60
2606,Chicken & Fish|Snacks & Fries,Chicken 'n' Cheese,$4.00
3001,Snacks & Fries,Small Fries,$2.00
3002,Snacks & Fries,Medium Fries,$3.35
3003,Snacks & Fries,Large Fries,$3.80
3514,"Shakes, Frappes & Smoothies",Small Caramel Indulgent Shake,$5.30
3515,"Shakes, Frappes & Smoothies",Medium Caramel Indulgent Shake,$6.00
3519,"Shakes, Frappes & Smoothies",Large Caramel Indulgent Shake,$6.70
3601,Beef,Triple Cheeseburger,$7.45
4116,Beef,Wagyu Beef,$10.35
4265,Chicken & Fish,Double Filet-O-Fish,$7.85
4270,Chicken & Fish,Double McChicken,$8.90
4725,Beef,Double Big Mac,$9.15
4975,Chicken & Fish|Wraps & Salads,Caesar Crispy Chicken McWrap,$8.65
4981,Chicken & Fish|Wraps & Salads,Caesar Grilled Chicken McWrap,$8.65
5026,Chicken & Fish|Chicken McNuggets,Chicken McNuggets - 24pc,$11.95
5283,Chicken & Fish|Wraps & Salads,Aioli Crispy Chicken McWrap,$8.65
5321,Chicken & Fish|Wraps & Salads,Aioli Grilled Chicken McWrap,$8.65
5335,Chicken & Fish|Chicken McNuggets|Snacks & Fries,10pc Chicken McBites,$3.00
5469,Chicken & Fish|Chicken McNuggets|Snacks & Fries,Chicken McNuggets - 3pc,$4.75
5501,Desserts,Hot Fudge Sundae (Small),$3.75
5511,Desserts,Caramel Sundae (Small),$3.75
5521,Desserts,Strawberry Sundae (Small),$3.75
5531,Desserts,Plain Sundae (Small),$3.75
5581,Desserts,Large Hot Fudge Sundae,$4.95
5591,Desserts,Large Caramel Sundae,$4.95
5601,Desserts,Large Strawberry Sundae,$4.95
5611,Desserts,Large Plain Sundae,$4.95
5662,Desserts,Soft Serve Cone,$0.80
5666,Desserts,Soft Serve Cone with Cadbury® Flake®,$1.20
5738,Desserts,OREO® McFlurry,$4.00
5739,Desserts,M&M'S® MINIS McFlurry,$4.00
5771,Desserts,McFlurry with OREO® Cookie,$5.45
5811,Desserts,Hot Apple Pie,$1.50
5821,Snacks & Fries|Desserts,McDonaldland Cookies,$1.45
6582,Desserts,Warm Double Chocolate Cake,$4.30
6750,Chicken & Fish|Wraps & Salads|Snacks & Fries,Crispy Chicken Snack Wrap,$4.15
6760,Chicken & Fish|Wraps & Salads|Snacks & Fries,Grilled Chicken Snack Wrap,$4.15
7552,Desserts,Chocolate Flavoured Iced Donut,$2.80
7853,Desserts,Raisin Toast,$2.00
16000,Chicken & Fish,Crispy Chicken Deluxe Burger,$7.85
16004,Chicken & Fish,Grilled Chicken Deluxe Burger,$7.85
20207,Chicken & Fish,McSpicy Burger,$9.00
20267,Chicken & Fish|Wraps & Salads,Classic Crispy Chicken Salad,$10.65
20268,Chicken & Fish|Wraps & Salads,Caesar Crispy Chicken Salad,$10.65
20272,Chicken & Fish|Wraps & Salads,Classic Grilled Chicken Salad,$10.65
20288,Chicken & Fish|Wraps & Salads,Caesar Grilled Chicken Salad,$10.65
20356,Chicken & Fish,Double McSpicy,$11.15
20417,Chicken & Fish,Cheese and Bacon McSpicy,$10.20
20444,Wraps & Salads|Snacks & Fries,Carrot Sticks,$2.65
30040,Desserts,Cadbury® Caramilk® McFlurry,$5.45
35103,"Shakes, Frappes & Smoothies",Small Real Coffee Shake,$4.40
35104,"Shakes, Frappes & Smoothies",Medium Real Coffee Shake,$5.20
35105,"Shakes, Frappes & Smoothies",Large Real Coffee Shake,$6.00
