id,menu,name,price
1,McMuffins,Bacon & Egg McMuffin,$5.15
11,McMuffins,Sausage & Egg McMuffin,$5.40
21,McMuffins,Sausage McMuffin,$4.45
196,McMuffins,Double Bacon & Egg McMuffin,$6.15
200,McMuffins,Double Sausage & Egg McMuffin,$6.30
203,McMuffins,Double Sausage McMuffin,$5.35
281,McMuffins,Mighty McMuffin,$5.95
769,Snacks & Fries,Cheesy Toastie,$4.15
770,Snacks & Fries,Cheese & Tomato Toastie,$4.15
771,Snacks & Fries,Ham & Cheese Toastie,$4.65
772,Snacks & Fries,"Ham, Cheese & Tomato Toastie",$5.15
1502,"Shakes, Frappes & Smoothies",Small Chocolate Shake,$4.15
1503,"Shakes, Frappes & Smoothies",Medium Chocolate Shake,$4.90
1504,"Shakes, Frappes & Smoothies",Large Chocolate Shake,$5.65
1512,"Shakes, Frappes & Smoothies",Small Strawberry Shake,$4.15
1513,"Shakes, Frappes & Smoothies",Medium Strawberry Shake,$4.90
1514,"Shakes, Frappes & Smoothies",Large Strawberry Shake,$5.65
1522,"Shakes, Frappes & Smoothies",Small Vanilla Shake,$4.15
1523,"Shakes, Frappes & Smoothies",Medium Vanilla Shake,$4.90
1524,"Shakes, Frappes & Smoothies",Large Vanilla Shake,$5.65
2144,Snacks & Fries,Hash Brown,$2.30
2256,Beef,Classic Angus,$8.85
2313,Beef,BBQ Bacon Angus,$9.75
2501,Beef|Snacks & Fries,Hamburger,$3.20
2511,Beef|Snacks & Fries,Cheeseburger,$3.95
2521,Beef,Double Cheeseburger,$5.50
2531,Beef,Big Mac,$6.65
2541,Beef,Quarter Pounder,$7.00
2551,Beef,Double Quarter Pounder,$8.80
2571,Chicken & Fish,McChicken,$6.70
2581,Chicken & Fish,Filet-O-Fish,$5.65
2588,McMuffins,Big Brekkie Burger,$7.55
2606,Snacks & Fries|Chicken & Fish,Chicken 'n' Cheese,$4.00
2701,Chicken McNuggets|Chicken & Fish|Snacks & Fries,Chicken McNuggets - 6pc,$6.50
2721,Chicken McNuggets|Chicken & Fish,Chicken McNuggets - 20pc,$14.35
2731,Chicken McNuggets|Chicken & Fish,Chicken McNuggets - 10pc,$8.55
3001,Snacks & Fries,Small Fries,$2.00
3041,Desserts|Snacks & Fries,Apple Slices,$2.40
3514,"Shakes, Frappes & Smoothies",Small Caramel Indulgent Shake,$4.95
3515,"Shakes, Frappes & Smoothies",Medium Caramel Indulgent Shake,$5.80
3519,"Shakes, Frappes & Smoothies",Large Caramel Indulgent Shake,$6.40
3601,Beef,Triple Cheeseburger,$7.15
4246,McCafe Drinks,Small Iced Long Black - McCafé,$4.15
4247,McCafe Drinks,Medium Iced Long Black - McCafé,$5.00
4248,McCafe Drinks,Large Iced Long Black - McCafé,$5.35
4265,Chicken & Fish,Double Filet-O-Fish,$7.25
4270,Chicken & Fish,Double McChicken,$8.70
4407,"Shakes, Frappes & Smoothies",Medium Coffee Frappé,$5.00
4408,"Shakes, Frappes & Smoothies",Large Coffee Frappé,$5.30
4410,"Shakes, Frappes & Smoothies",Medium Chocolate Frappé,$5.00
4411,"Shakes, Frappes & Smoothies",Large Chocolate Frappé,$5.30
4422,"Shakes, Frappes & Smoothies",Medium Salted Caramel Frappé,$5.00
4423,"Shakes, Frappes & Smoothies",Large Salted Caramel Frappé,$5.30
4725,Beef,Double Big Mac,$8.80
4975,Chicken & Fish|Wraps & Salads,Caesar Crispy Chicken McWrap,$8.45
4981,Chicken & Fish|Wraps & Salads,Caesar Grilled Chicken McWrap,$8.45
5026,Chicken McNuggets|Chicken & Fish,Chicken McNuggets - 24pc,$11.95
5283,Chicken & Fish|Wraps & Salads,Aioli Crispy Chicken McWrap,$8.45
5321,Chicken & Fish|Wraps & Salads,Aioli Grilled Chicken McWrap,$8.45
5335,Chicken McNuggets|Chicken & Fish|Snacks & Fries,10pc Chicken McBites,$3.00
5469,Chicken McNuggets|Chicken & Fish|Snacks & Fries,Chicken McNuggets - 3pc,$4.50
5501,Desserts,Hot Fudge Sundae (Small),$3.80
5511,Desserts,Caramel Sundae (Small),$3.80
5521,Desserts,Strawberry Sundae (Small),$3.80
5581,Desserts,Large Hot Fudge Sundae,$4.65
5591,Desserts,Large Caramel Sundae,$4.65
5601,Desserts,Large Strawberry Sundae,$4.65
5662,Desserts,Soft Serve Cone,$0.80
5738,Desserts,OREO® McFlurry,$4.00
5739,Desserts,M&M'S® MINIS McFlurry,$4.00
5771,Desserts,McFlurry with OREO® Cookie,$5.10
5820,Desserts|Snacks & Fries,Hot Apple Pie,$2.75
5821,Desserts|Snacks & Fries,McDonaldland Cookies,$1.30
6397,Desserts,Salted Caramel Macaron,$2.10
6582,Desserts,Warm Double Chocolate Cake,$4.30
6750,Snacks & Fries|Chicken & Fish|Wraps & Salads,Crispy Chicken Snack Wrap,$4.15
6760,Snacks & Fries|Chicken & Fish|Wraps & Salads,Grilled Chicken Snack Wrap,$4.15
7131,McCafe Drinks,Babycino - McCafé,$1.15
7150,McCafe Drinks,Small Cappuccino McCafe,$4.10
7152,McCafe Drinks,Medium Cappuccino McCafe,$5.00
7189,McCafe Drinks,Large Cappuccino McCafe,$5.30
7222,Desserts,Chocolate Macaron,$2.10
7300,McCafe Drinks,Small Flat White McCafe,$4.10
7304,McCafe Drinks,Medium Flat White McCafe,$5.00
7309,McCafe Drinks,Large Flat White McCafe,$5.30
7313,McCafe Drinks,Small Latté McCafe,$4.10
7383,Desserts,Chocolate Mud Muffin,$3.65
7386,McCafe Drinks,Medium Latté McCafe,$5.00
7387,McCafe Drinks,Large Latté McCafe,$5.30
7389,McCafe Drinks,Small Mocha McCafe,$4.40
7390,McCafe Drinks,Medium Mocha McCafe,$5.10
7421,McCafe Drinks,Large Mocha McCafe,$5.65
7423,McCafe Drinks,Small Long Black McCafe,$4.10
7427,McCafe Drinks,Medium Long Black McCafe,$5.00
7430,McCafe Drinks,Large Long Black McCafe,$5.30
7443,McCafe Drinks,Small Hot Chocolate McCafé,$3.95
7444,McCafe Drinks,Medium Hot Chocolate McCafé,$4.20
7446,McCafe Drinks,Large Hot Chocolate McCafé,$4.75
7455,McCafe Drinks,Small Chai Latte McCafé,$3.75
7463,McCafe Drinks,Medium Chai Latte McCafé,$4.20
7493,McCafe Drinks,Large Chai Latte McCafé,$4.55
7506,McCafe Drinks,Small Iced Chocolate McCafé,$3.95
7507,McCafe Drinks,Medium Iced Chocolate McCafé,$4.35
7529,McCafe Drinks,Large Iced Chocolate McCafé,$4.75
7548,McCafe Drinks,Small Iced Latté McCafé,$4.15
7549,McCafe Drinks,Medium Iced Latté McCafé,$4.75
7552,Desserts,Chocolate Flavoured Iced Donut,$3.10
7589,McCafe Drinks,Large Iced Latté McCafé,$5.35
7664,McCafe Drinks,Espresso McCafé,$2.75
7677,McCafe Drinks,Macchiato McCafé,$2.75
7687,McCafe Drinks,Piccolo Latte,$3.15
7696,McCafe Drinks,Zoetic Earl Grey Tea,$3.85
7697,McCafe Drinks,Zoetic Green Tea,$3.85
7706,McCafe Drinks,Zoetic English Breakfast Tea,$3.85
7735,Desserts,Banana Bread,$4.00
7744,McCafe Drinks,Zoetic Peppermint Tea,$3.85
7836,Desserts,Blueberry Muffin,$3.65
7853,Desserts,Raisin Toast,$2.00
10011,McMuffins,Brekkie Bundle,$11.15
15046,"Shakes, Frappes & Smoothies",Medium Mixed Berry Smoothie,$4.30
15048,"Shakes, Frappes & Smoothies",Medium Tropical Smoothie,$4.30
15050,"Shakes, Frappes & Smoothies",Large Mixed Berry Smoothie,$4.60
15052,"Shakes, Frappes & Smoothies",Large Tropical Smoothie,$4.60
16000,Chicken & Fish,Crispy Chicken Deluxe Burger,$7.65
16004,Chicken & Fish,Grilled Chicken Deluxe Burger,$7.65
20207,Chicken & Fish,McSpicy Burger,$8.85
20267,Chicken & Fish|Wraps & Salads,Classic Crispy Chicken Salad,$10.45
20268,Chicken & Fish|Wraps & Salads,Caesar Crispy Chicken Salad,$10.45
20269,Wraps & Salads,Garden Salad,$4.00
20272,Chicken & Fish|Wraps & Salads,Classic Grilled Chicken Salad,$10.45
20288,Chicken & Fish|Wraps & Salads,Caesar Grilled Chicken Salad,$10.45
20356,Chicken & Fish,Double McSpicy,$11.00
20376,Chicken McNuggets|Chicken & Fish|Snacks & Fries,Spicy McPieces - 6pc,$7.40
20417,Chicken & Fish,Cheese and Bacon McSpicy,$10.05
20444,Snacks & Fries|Wraps & Salads,Carrot Sticks,$2.40
30004,Desserts,Plain Sundae (Small),$3.00
30008,Desserts,Plain Sundae (Large),$4.70
30040,Desserts,Cadbury® Caramilk® McFlurry,$5.10
35137,McCafe Drinks,Small Flavoured Iced Latté McCafé,$4.85
35138,McCafe Drinks,Medium Flavoured Iced Latté McCafé,$5.45
35139,McCafe Drinks,Large Flavoured Iced Latté McCafé,$6.05
35143,McCafe Drinks,Small Iced Mocha McCafé,$4.45
35144,McCafe Drinks,Medium Iced Mocha McCafé,$5.05
35145,McCafe Drinks,Large Iced Mocha McCafé,$5.65
35149,McCafe Drinks,Small Iced Chai Latte McCafé,$5.35
35150,McCafe Drinks,Medium Iced Chai Latte McCafé,$5.95
35151,McCafe Drinks,Large Iced Chai Latte McCafé,$6.55
