id,menu,name,price
1,McMuffins,Bacon & Egg McMuffin,$5.00
11,McMuffins,Sausage & Egg McMuffin,$5.35
21,McMuffins,Sausage McMuffin,$4.70
31,McMuffins,English McMuffin,$3.10
196,McMuffins,Double Bacon & Egg McMuffin,$6.00
200,McMuffins,Double Sausage & Egg McMuffin,$6.25
203,McMuffins,Double Sausage McMuffin,$5.60
281,McMuffins,Mighty McMuffin,$5.85
769,Snacks & Fries,Cheesy Toastie,$4.00
770,Snacks & Fries,Cheese & Tomato Toastie,$4.00
771,Snacks & Fries,Ham & Cheese Toastie,$4.50
772,Snacks & Fries,"Ham, Cheese & Tomato Toastie",$5.00
1502,"Shakes, Frappes & Smoothies",Small Chocolate Shake,$4.60
1503,"Shakes, Frappes & Smoothies",Medium Chocolate Shake,$5.10
1504,"Shakes, Frappes & Smoothies",Large Chocolate Shake,$5.55
1512,"Shakes, Frappes & Smoothies",Small Strawberry Shake,$4.60
1513,"Shakes, Frappes & Smoothies",Medium Strawberry Shake,$5.10
1514,"Shakes, Frappes & Smoothies",Large Strawberry Shake,$5.55
1522,"Shakes, Frappes & Smoothies",Small Vanilla Shake,$4.60
1523,"Shakes, Frappes & Smoothies",Medium Vanilla Shake,$5.10
1524,"Shakes, Frappes & Smoothies",Large Vanilla Shake,$5.55
2144,Snacks & Fries,Hash Brown,$2.40
2256,Beef,Classic Angus,$8.35
2313,Beef,BBQ Bacon Angus,$9.50
2501,Beef|Snacks & Fries,Hamburger,$2.90
2511,Beef|Snacks & Fries,Cheeseburger,$3.90
2521,Beef,Double Cheeseburger,$5.65
2531,Beef,Big Mac,$6.20
2541,Beef,Quarter Pounder,$6.65
2551,Beef,Double Quarter Pounder,$8.10
2571,Chicken & Fish,McChicken,$6.60
2581,Chicken & Fish,Filet-O-Fish,$5.30
2588,McMuffins,Big Brekkie Burger,$7.15
2606,Chicken & Fish|Snacks & Fries,Chicken 'n' Cheese,$4.00
3001,Snacks & Fries,Small Fries,$2.00
3002,Snacks & Fries,Medium Fries,$3.30
3003,Snacks & Fries,Large Fries,$3.65
3514,"Shakes, Frappes & Smoothies",Small Caramel Indulgent Shake,$5.60
3515,"Shakes, Frappes & Smoothies",Medium Caramel Indulgent Shake,$6.10
3519,"Shakes, Frappes & Smoothies",Large Caramel Indulgent Shake,$6.45
3601,Beef,Triple Cheeseburger,$7.00
4116,Beef,Wagyu Beef,$9.60
4265,Chicken & Fish,Double Filet-O-Fish,$6.90
4270,Chicken & Fish,Double McChicken,$8.60
4725,Beef,Double Big Mac,$8.15
4975,Chicken & Fish|Wraps & Salads,Caesar Crispy Chicken McWrap,$8.55
4981,Chicken & Fish|Wraps & Salads,Caesar Grilled Chicken McWrap,$8.55
5026,Chicken & Fish|Chicken McNuggets,Chicken McNuggets - 24pc,$11.95
5283,Chicken & Fish|Wraps & Salads,Aioli Crispy Chicken McWrap,$8.55
5321,Chicken & Fish|Wraps & Salads,Aioli Grilled Chicken McWrap,$8.55
5335,Chicken & Fish|Chicken McNuggets|Snacks & Fries,10pc Chicken McBites,$3.00
5469,Chicken & Fish|Chicken McNuggets|Snacks & Fries,Chicken McNuggets - 3pc,$4.45
5501,Desserts,Hot Fudge Sundae (Small),$3.90
5511,Desserts,Caramel Sundae (Small),$3.90
5521,Desserts,Strawberry Sundae (Small),$3.90
5531,Desserts,Plain Sundae (Small),$3.90
5581,Desserts,Large Hot Fudge Sundae,$4.60
5591,Desserts,Large Caramel Sundae,$4.60
5601,Desserts,Large Strawberry Sundae,$4.60
5611,Desserts,Large Plain Sundae,$4.60
5662,Desserts,Soft Serve Cone,$0.85
5666,Desserts,Soft Serve Cone with Cadbury® Flake®,$1.35
5738,Desserts,OREO® McFlurry,$4.00
5739,Desserts,M&M'S® MINIS McFlurry,$4.00
5771,Desserts,McFlurry with OREO® Cookie,$4.85
5811,Desserts,Hot Apple Pie,$1.50
5821,Snacks & Fries|Desserts,McDonaldland Cookies,$1.30
6582,Desserts,Warm Double Chocolate Cake,$4.25
6750,Chicken & Fish|Wraps & Salads|Snacks & Fries,Crispy Chicken Snack Wrap,$4.00
6760,Chicken & Fish|Wraps & Salads|Snacks & Fries,Grilled Chicken Snack Wrap,$4.00
7552,Desserts,Chocolate Flavoured Iced Donut,$3.10
7853,Desserts,Raisin Toast,$2.00
16000,Chicken & Fish,Crispy Chicken Deluxe Burger,$7.75
16004,Chicken & Fish,Grilled Chicken Deluxe Burger,$7.75
20207,Chicken & Fish,McSpicy Burger,$8.95
20267,Chicken & Fish|Wraps & Salads,Classic Crispy Chicken Salad,$10.35
20268,Chicken & Fish|Wraps & Salads,Caesar Crispy Chicken Salad,$10.35
20272,Chicken & Fish|Wraps & Salads,Classic Grilled Chicken Salad,$10.35
20288,Chicken & Fish|Wraps & Salads,Caesar Grilled Chicken Salad,$10.35
20356,Chicken & Fish,Double McSpicy,$11.10
20417,Chicken & Fish,Cheese and Bacon McSpicy,$10.15
20444,Wraps & Salads|Snacks & Fries,Carrot Sticks,$2.60
30040,Desserts,Cadbury® Caramilk® McFlurry,$4.85
35103,"Shakes, Frappes & Smoothies",Small Real Coffee Shake,$4.60
35104,"Shakes, Frappes & Smoothies",Medium Real Coffee Shake,$5.10
35105,"Shakes, Frappes & Smoothies",Large Real Coffee Shake,$5.55
