id,menu,name,price
1,McMuffins,Bacon & Egg McMuffin,$5.20
11,McMuffins,Sausage & Egg McMuffin,$5.35
21,McMuffins,Sausage McMuffin,$4.40
31,McMuffins,English McMuffin,$2.65
196,McMuffins,Double Bacon & Egg McMuffin,$6.20
200,McMuffins,Double Sausage & Egg McMuffin,$6.25
203,McMuffins,Double Sausage McMuffin,$5.30
281,McMuffins,Mighty McMuffin,$5.75
769,Snacks & Fries,Cheesy Toastie,$4.00
770,Snacks & Fries,Cheese & Tomato Toastie,$4.00
771,Snacks & Fries,Ham & Cheese Toastie,$4.50
772,Snacks & Fries,"Ham, Cheese & Tomato Toastie",$5.00
2144,Snacks & Fries,Hash Brown,$2.40
2256,Beef,Classic Angus,$8.80
2313,Beef,BBQ Bacon Angus,$9.45
2501,Beef|Snacks & Fries,Hamburger,$3.15
2511,Beef|Snacks & Fries,Cheeseburger,$3.85
2521,Beef,Double Cheeseburger,$5.55
2531,Beef,Big Mac,$6.55
2541,Beef,Quarter Pounder,$6.75
2551,Beef,Double Quarter Pounder,$8.80
2571,Chicken & Fish,McChicken,$6.65
2581,Chicken & Fish,Filet-O-Fish,$5.55
2588,McMuffins,Big Brekkie Burger,$7.65
2606,Chicken & Fish|Snacks & Fries,Chicken 'n' Cheese,$4.00
3001,Snacks & Fries,Small Fries,$2.00
3002,Snacks & Fries,Medium Fries,$3.20
3003,Snacks & Fries,Large Fries,$3.65
3601,Beef,Triple Cheeseburger,$7.15
4116,Beef,Wagyu Beef ,$10.05
4265,Chicken & Fish,Double Filet-O-Fish,$7.15
4270,Chicken & Fish,Double McChicken,$8.65
4725,Beef,Double Big Mac,$8.75
4975,Wraps & Salads|Chicken & Fish,Caesar Crispy Chicken McWrap,$8.60
4981,Wraps & Salads|Chicken & Fish,Caesar Grilled Chicken McWrap,$8.60
5026,Chicken & Fish|Chicken McNuggets,Chicken McNuggets - 24pc,$11.95
5283,Wraps & Salads|Chicken & Fish,Aioli Crispy Chicken McWrap,$8.60
5321,Wraps & Salads|Chicken & Fish,Aioli Grilled Chicken McWrap,$8.60
5335,Snacks & Fries|Chicken & Fish|Chicken McNuggets,10pc Chicken McBites,$3.00
5469,Snacks & Fries|Chicken & Fish|Chicken McNuggets,Chicken McNuggets - 3pc,$4.30
5501,Desserts,Hot Fudge Sundae (Small),$3.90
5511,Desserts,Caramel Sundae (Small),$3.90
5521,Desserts,Strawberry Sundae (Small),$3.90
5531,Desserts,Plain Sundae (Small),$3.90
5581,Desserts,Large Hot Fudge Sundae,$4.65
5591,Desserts,Large Caramel Sundae,$4.65
5601,Desserts,Large Strawberry Sundae,$4.65
5611,Desserts,Large Plain Sundae,$4.65
5662,Desserts,Soft Serve Cone,$0.80
5666,Desserts,Soft Serve Cone with Cadbury® Flake®,$1.20
5738,Desserts,OREO® McFlurry,$4.00
5739,Desserts,M&M'S® MINIS McFlurry,$4.00
5771,Desserts,McFlurry with OREO® Cookie,$5.35
5811,Desserts,Hot Apple Pie,$1.50
5821,Desserts|Snacks & Fries,McDonaldland Cookies,$1.20
6582,Desserts,Warm Double Chocolate Cake,$4.25
6750,Wraps & Salads|Chicken & Fish|Snacks & Fries,Crispy Chicken Snack Wrap,$3.95
6760,Wraps & Salads|Chicken & Fish|Snacks & Fries,Grilled Chicken Snack Wrap,$3.95
7552,Desserts,Chocolate Flavoured Iced Donut,$3.10
7853,Desserts,Raisin Toast,$2.00
16000,Chicken & Fish,Crispy Chicken Deluxe Burger,$7.70
16004,Chicken & Fish,Grilled Chicken Deluxe Burger,$7.70
20207,Chicken & Fish,McSpicy Burger,$9.00
20267,Wraps & Salads|Chicken & Fish,Classic Crispy Chicken Salad,$10.40
20268,Wraps & Salads|Chicken & Fish,Caesar Crispy Chicken Salad,$10.40
20272,Wraps & Salads|Chicken & Fish,Classic Grilled Chicken Salad,$10.40
20288,Wraps & Salads|Chicken & Fish,Caesar Grilled Chicken Salad,$10.40
20356,Chicken & Fish,Double McSpicy ,$11.15
20417,Chicken & Fish,Cheese and Bacon McSpicy ,$10.20
20444,Wraps & Salads|Snacks & Fries,Carrot Sticks,$2.65
30040,Desserts,Cadbury® Caramilk® McFlurry,$5.35
